ID,タイプ,見出し,タイトル,価格情報,URL,情報源,取得日時,元価格,割引率
1623730,game_sale,【Steamセール中! 30%OFF】,Palworld / パルワールド,2380円,https://store.steampowered.com/app/1623730/,Steam Store,2026-07-18 01:43:41,,30
2968420,game_sale,【Steamセール中! 25%OFF】,PowerWash Simulator 2,2227円,https://store.steampowered.com/app/2968420/,Steam Store,2026-07-18 01:43:41,,25
3240220,game_sale,【Steamセール中! 50%OFF】,グランド・セフト・オートV エンハンスト,2190円,https://store.steampowered.com/app/3240220/,Steam Store,2026-07-18 01:43:41,,50
3240220,game_sale,【Steamセール中! 50%OFF】,グランド・セフト・オートV エンハンスト,2190円,https://store.steampowered.com/app/3240220/,Steam Store,2026-07-18 01:43:41,,50
2195120,game_sale,【Steamセール中! 25%OFF】,Go-Go Town!,2400円,https://store.steampowered.com/app/2195120/,Steam Store,2026-07-18 01:43:41,,25
2524850,game_sale,【Steamセール中! 10%OFF】,電車アタック,2178円,https://store.steampowered.com/app/2524850/,Steam Store,2026-07-18 01:43:41,,10
526870,game_sale,【Steamセール中! 30%OFF】,Satisfactory,3150円,https://store.steampowered.com/app/526870/,Steam Store,2026-07-18 01:43:41,,30
1257696,game_sale,【Steamセール中! 75%OFF】,Capcom Arcade Stadium Complete Pack,1497円,https://store.steampowered.com/app/1257696/,Steam Store,2026-07-18 01:43:41,,75
3219010,game_sale,【Steamセール中! 25%OFF】,Fogpiercer フォグピアサー  ,1485円,https://store.steampowered.com/app/3219010/,Steam Store,2026-07-18 01:43:41,,25
4210580,game_sale,【Steamセール中! 25%OFF】,Ore Factory Squad ⛏️,1275円,https://store.steampowered.com/app/4210580/,Steam Store,2026-07-18 01:43:41,,25
54029,game_top_seller,【Steam売上上位！】,プライムステータスアップグレード,2320円,https://store.steampowered.com/app/54029/,Steam Store,2026-07-18 01:43:41,,0
4128400,game_top_seller,【Steam売上上位！】,eBaseball™: PRO SPIRIT,8778円,https://store.steampowered.com/app/4128400/,Steam Store,2026-07-18 01:43:41,,0
4449410,game_top_seller,【Steam売上上位！】,亰都ザナドゥ -桜花幻舞-,7920円,https://store.steampowered.com/app/4449410/,Steam Store,2026-07-18 01:43:41,,0
4704690,game_top_seller,【Steam売上上位！】,めっちゃカメレオン,790円,https://store.steampowered.com/app/4704690/,Steam Store,2026-07-18 01:43:41,,0
1587352,game_top_seller,【Steam売上上位！】,GRANBLUE FANTASY: Relink - Endless Ragnarok（Standard Edition）,6930円,https://store.steampowered.com/app/1587352/,Steam Store,2026-07-18 01:43:41,,0
2244210,game_top_seller,【Steam売上上位！】,Echoes of Aincrad,8910円,https://store.steampowered.com/app/2244210/,Steam Store,2026-07-18 01:43:41,,0
4181970,game_top_seller,【Steam売上上位！】,Full Stride,4980円,https://store.steampowered.com/app/4181970/,Steam Store,2026-07-18 01:43:41,,0
3839790,game_top_seller,【Steam売上上位！】,GRANBLUE FANTASY: Relink - Endless Ragnarok アップグレードキット（Standard Edition）,3960円,https://store.steampowered.com/app/3839790/,Steam Store,2026-07-18 01:43:41,,0
https://www.gizmodo.jp/article/hiyashi-cupnoodle/,gadget_new,【ガジェット新着! (登場)】,開発5年、でも5分で完成。冷水だけで作れる「冷やしカップヌードル」登場,オープン価格/価格情報なし,https://www.gizmodo.jp/article/hiyashi-cupnoodle/,Gizmodo Japan,2026-07-18 01:43:41,,0
https://www.gizmodo.jp/article/freshservicesports_newcollection/,gadget_new,【ガジェット新着! (登場)】,街でも着られる。ファッションブランドから本気のスポーツウエアが登場,オープン価格/価格情報なし,https://www.gizmodo.jp/article/freshservicesports_newcollection/,Gizmodo Japan,2026-07-18 01:43:41,,0
1623730,game_sale,【Steamセール中! 30%OFF】,Palworld / パルワールド,2380円,https://store.steampowered.com/app/1623730/,Steam Store,2026-07-18 11:48:29,,30
2968420,game_sale,【Steamセール中! 25%OFF】,PowerWash Simulator 2,2227円,https://store.steampowered.com/app/2968420/,Steam Store,2026-07-18 11:48:29,,25
526870,game_sale,【Steamセール中! 30%OFF】,Satisfactory,3150円,https://store.steampowered.com/app/526870/,Steam Store,2026-07-18 11:48:29,,30
2195120,game_sale,【Steamセール中! 25%OFF】,Go-Go Town!,2400円,https://store.steampowered.com/app/2195120/,Steam Store,2026-07-18 11:48:29,,25
3712080,game_sale,【Steamセール中! 10%OFF】,Funnel Runners,1350円,https://store.steampowered.com/app/3712080/,Steam Store,2026-07-18 11:48:29,,10
3240220,game_sale,【Steamセール中! 50%OFF】,グランド・セフト・オートV エンハンスト,2190円,https://store.steampowered.com/app/3240220/,Steam Store,2026-07-18 11:48:29,,50
3240220,game_sale,【Steamセール中! 50%OFF】,グランド・セフト・オートV エンハンスト,2190円,https://store.steampowered.com/app/3240220/,Steam Store,2026-07-18 11:48:29,,50
2524850,game_sale,【Steamセール中! 10%OFF】,電車アタック,2178円,https://store.steampowered.com/app/2524850/,Steam Store,2026-07-18 11:48:29,,10
1257696,game_sale,【Steamセール中! 75%OFF】,Capcom Arcade Stadium Complete Pack,1497円,https://store.steampowered.com/app/1257696/,Steam Store,2026-07-18 11:48:29,,75
4210580,game_sale,【Steamセール中! 25%OFF】,Ore Factory Squad ⛏️,1275円,https://store.steampowered.com/app/4210580/,Steam Store,2026-07-18 11:48:29,,25
54029,game_top_seller,【Steam売上上位！】,プライムステータスアップグレード,2320円,https://store.steampowered.com/app/54029/,Steam Store,2026-07-18 11:48:29,,0
4449410,game_top_seller,【Steam売上上位！】,亰都ザナドゥ -桜花幻舞-,7920円,https://store.steampowered.com/app/4449410/,Steam Store,2026-07-18 11:48:29,,0
4128400,game_top_seller,【Steam売上上位！】,eBaseball™: PRO SPIRIT,8778円,https://store.steampowered.com/app/4128400/,Steam Store,2026-07-18 11:48:29,,0
4704690,game_top_seller,【Steam売上上位！】,めっちゃカメレオン,790円,https://store.steampowered.com/app/4704690/,Steam Store,2026-07-18 11:48:29,,0
2244210,game_top_seller,【Steam売上上位！】,Echoes of Aincrad,8910円,https://store.steampowered.com/app/2244210/,Steam Store,2026-07-18 11:48:29,,0
1587352,game_top_seller,【Steam売上上位！】,GRANBLUE FANTASY: Relink - Endless Ragnarok（Standard Edition）,6930円,https://store.steampowered.com/app/1587352/,Steam Store,2026-07-18 11:48:29,,0
3839790,game_top_seller,【Steam売上上位！】,GRANBLUE FANTASY: Relink - Endless Ragnarok アップグレードキット（Standard Edition）,3960円,https://store.steampowered.com/app/3839790/,Steam Store,2026-07-18 11:48:29,,0
4181970,game_top_seller,【Steam売上上位！】,Full Stride,4980円,https://store.steampowered.com/app/4181970/,Steam Store,2026-07-18 11:48:29,,0
https://www.gizmodo.jp/article/hiyashi-cupnoodle/,gadget_new,【ガジェット新着! (登場)】,開発5年、でも5分で完成。冷水だけで作れる「冷やしカップヌードル」登場,オープン価格/価格情報なし,https://www.gizmodo.jp/article/hiyashi-cupnoodle/,Gizmodo Japan,2026-07-18 11:48:29,,0
https://www.gizmodo.jp/article/freshservicesports_newcollection/,gadget_new,【ガジェット新着! (登場)】,街でも着られる。ファッションブランドから本気のスポーツウエアが登場,オープン価格/価格情報なし,https://www.gizmodo.jp/article/freshservicesports_newcollection/,Gizmodo Japan,2026-07-18 11:48:29,,0
1623730,game_sale,【Steamセール中! 30%OFF】,Palworld / パルワールド,2380円,https://store.steampowered.com/app/1623730/,Steam Store,2026-07-19 11:00:18,,30
2968420,game_sale,【Steamセール中! 25%OFF】,PowerWash Simulator 2,2227円,https://store.steampowered.com/app/2968420/,Steam Store,2026-07-19 11:00:18,,25
526870,game_sale,【Steamセール中! 30%OFF】,Satisfactory,3150円,https://store.steampowered.com/app/526870/,Steam Store,2026-07-19 11:00:18,,30
3240220,game_sale,【Steamセール中! 50%OFF】,グランド・セフト・オートV エンハンスト,2190円,https://store.steampowered.com/app/3240220/,Steam Store,2026-07-19 11:00:18,,50
3240220,game_sale,【Steamセール中! 50%OFF】,グランド・セフト・オートV エンハンスト,2190円,https://store.steampowered.com/app/3240220/,Steam Store,2026-07-19 11:00:18,,50
2524850,game_sale,【Steamセール中! 10%OFF】,電車アタック,2178円,https://store.steampowered.com/app/2524850/,Steam Store,2026-07-19 11:00:18,,10
4210580,game_sale,【Steamセール中! 25%OFF】,Ore Factory Squad ⛏️,1275円,https://store.steampowered.com/app/4210580/,Steam Store,2026-07-19 11:00:18,,25
3808690,game_sale,【Steamセール中! 20%OFF】,Pathogenic,960円,https://store.steampowered.com/app/3808690/,Steam Store,2026-07-19 11:00:18,,20
1671210,game_sale,【Steamセール中! 20%OFF】,DELTARUNE,3184円,https://store.steampowered.com/app/1671210/,Steam Store,2026-07-19 11:00:18,,20
3712080,game_sale,【Steamセール中! 10%OFF】,Funnel Runners,1350円,https://store.steampowered.com/app/3712080/,Steam Store,2026-07-19 11:00:18,,10
54029,game_top_seller,【Steam売上上位！】,プライムステータスアップグレード,2320円,https://store.steampowered.com/app/54029/,Steam Store,2026-07-19 11:00:18,,0
4704690,game_top_seller,【Steam売上上位！】,めっちゃカメレオン,790円,https://store.steampowered.com/app/4704690/,Steam Store,2026-07-19 11:00:18,,0
4449410,game_top_seller,【Steam売上上位！】,亰都ザナドゥ -桜花幻舞-,7920円,https://store.steampowered.com/app/4449410/,Steam Store,2026-07-19 11:00:18,,0
1587352,game_top_seller,【Steam売上上位！】,GRANBLUE FANTASY: Relink - Endless Ragnarok（Standard Edition）,6930円,https://store.steampowered.com/app/1587352/,Steam Store,2026-07-19 11:00:18,,0
2244210,game_top_seller,【Steam売上上位！】,Echoes of Aincrad,8910円,https://store.steampowered.com/app/2244210/,Steam Store,2026-07-19 11:00:18,,0
4128400,game_top_seller,【Steam売上上位！】,eBaseball™: PRO SPIRIT,8778円,https://store.steampowered.com/app/4128400/,Steam Store,2026-07-19 11:00:18,,0
4181970,game_top_seller,【Steam売上上位！】,Full Stride,4980円,https://store.steampowered.com/app/4181970/,Steam Store,2026-07-19 11:00:18,,0
3839790,game_top_seller,【Steam売上上位！】,GRANBLUE FANTASY: Relink - Endless Ragnarok アップグレードキット（Standard Edition）,3960円,https://store.steampowered.com/app/3839790/,Steam Store,2026-07-19 11:00:18,,0
1257696,game_top_seller,【Steam売上上位！】,Capcom Arcade Stadium Complete Pack,1497円,https://store.steampowered.com/app/1257696/,Steam Store,2026-07-19 11:00:18,,0
https://www.gizmodo.jp/article/hiyashi-cupnoodle/,gadget_new,【ガジェット新着! (登場)】,開発5年、でも5分で完成。冷水だけで作れる「冷やしカップヌードル」登場,オープン価格/価格情報なし,https://www.gizmodo.jp/article/hiyashi-cupnoodle/,Gizmodo Japan,2026-07-19 11:00:18,,0
1623730,game_sale,【Steamセール中! 30%OFF】,Palworld / パルワールド,2380円,https://store.steampowered.com/app/1623730/,Steam Store,2026-07-20 12:09:16,,30
526870,game_sale,【Steamセール中! 30%OFF】,Satisfactory,3150円,https://store.steampowered.com/app/526870/,Steam Store,2026-07-20 12:09:16,,30
2968420,game_sale,【Steamセール中! 25%OFF】,PowerWash Simulator 2,2227円,https://store.steampowered.com/app/2968420/,Steam Store,2026-07-20 12:09:16,,25
3240220,game_sale,【Steamセール中! 50%OFF】,グランド・セフト・オートV エンハンスト,2190円,https://store.steampowered.com/app/3240220/,Steam Store,2026-07-20 12:09:16,,50
3240220,game_sale,【Steamセール中! 50%OFF】,グランド・セフト・オートV エンハンスト,2190円,https://store.steampowered.com/app/3240220/,Steam Store,2026-07-20 12:09:16,,50
1671210,game_sale,【Steamセール中! 20%OFF】,DELTARUNE,3184円,https://store.steampowered.com/app/1671210/,Steam Store,2026-07-20 12:09:16,,20
3101040,game_sale,【Steamセール中! 20%OFF】,魔法少女ノ魔女裁判,2800円,https://store.steampowered.com/app/3101040/,Steam Store,2026-07-20 12:09:16,,20
3641000,game_sale,【Steamセール中! 10%OFF】,ギャリー邸事件,2340円,https://store.steampowered.com/app/3641000/,Steam Store,2026-07-20 12:09:16,,10
3808690,game_sale,【Steamセール中! 20%OFF】,Pathogenic,960円,https://store.steampowered.com/app/3808690/,Steam Store,2026-07-20 12:09:16,,20
2183900,game_sale,【Steamセール中! 70%OFF】,"Warhammer 40,000: Space Marine 2",2940円,https://store.steampowered.com/app/2183900/,Steam Store,2026-07-20 12:09:16,,70
4704690,game_top_seller,【Steam売上上位！】,めっちゃカメレオン,790円,https://store.steampowered.com/app/4704690/,Steam Store,2026-07-20 12:09:16,,0
54029,game_top_seller,【Steam売上上位！】,プライムステータスアップグレード,2320円,https://store.steampowered.com/app/54029/,Steam Store,2026-07-20 12:09:16,,0
1587352,game_top_seller,【Steam売上上位！】,GRANBLUE FANTASY: Relink - Endless Ragnarok（Standard Edition）,6930円,https://store.steampowered.com/app/1587352/,Steam Store,2026-07-20 12:09:16,,0
4449410,game_top_seller,【Steam売上上位！】,亰都ザナドゥ -桜花幻舞-,7920円,https://store.steampowered.com/app/4449410/,Steam Store,2026-07-20 12:09:16,,0
4181970,game_top_seller,【Steam売上上位！】,Full Stride,4980円,https://store.steampowered.com/app/4181970/,Steam Store,2026-07-20 12:09:16,,0
2483190,game_top_seller,【Steam売上上位！】,Forza Horizon 6,9800円,https://store.steampowered.com/app/2483190/,Steam Store,2026-07-20 12:09:16,,0
57805,game_top_seller,【Steam売上上位！】,Palworld + Core Keeper,3591円,https://store.steampowered.com/app/57805/,Steam Store,2026-07-20 12:09:16,,0
3839790,game_top_seller,【Steam売上上位！】,GRANBLUE FANTASY: Relink - Endless Ragnarok アップグレードキット（Standard Edition）,3960円,https://store.steampowered.com/app/3839790/,Steam Store,2026-07-20 12:09:16,,0
https://www.gizmodo.jp/article/apple-did-it-one-month-with-siri-ai/,gadget_new,【ガジェット新着! (登場)】,今秋登場のSiri AIを1ヶ月試用。正直かなり満足している,オープン価格/価格情報なし,https://www.gizmodo.jp/article/apple-did-it-one-month-with-siri-ai/,Gizmodo Japan,2026-07-20 12:09:16,,0
1623730,game_sale,【Steamセール中! 30%OFF】,Palworld / パルワールド,2380円,https://store.steampowered.com/app/1623730/,Steam Store,2026-07-20 10:14:48,,30
3240220,game_sale,【Steamセール中! 50%OFF】,グランド・セフト・オートV エンハンスト,2190円,https://store.steampowered.com/app/3240220/,Steam Store,2026-07-20 10:14:48,,50
3240220,game_sale,【Steamセール中! 50%OFF】,グランド・セフト・オートV エンハンスト,2190円,https://store.steampowered.com/app/3240220/,Steam Store,2026-07-20 10:14:48,,50
526870,game_sale,【Steamセール中! 30%OFF】,Satisfactory,3150円,https://store.steampowered.com/app/526870/,Steam Store,2026-07-20 10:14:48,,30
1671210,game_sale,【Steamセール中! 20%OFF】,DELTARUNE,3184円,https://store.steampowered.com/app/1671210/,Steam Store,2026-07-20 10:14:48,,20
2968420,game_sale,【Steamセール中! 25%OFF】,PowerWash Simulator 2,2227円,https://store.steampowered.com/app/2968420/,Steam Store,2026-07-20 10:14:48,,25
3101040,game_sale,【Steamセール中! 20%OFF】,魔法少女ノ魔女裁判,2800円,https://store.steampowered.com/app/3101040/,Steam Store,2026-07-20 10:14:48,,20
3712080,game_sale,【Steamセール中! 10%OFF】,Funnel Runners,1350円,https://store.steampowered.com/app/3712080/,Steam Store,2026-07-20 10:14:48,,10
3641000,game_sale,【Steamセール中! 10%OFF】,ギャリー邸事件,2340円,https://store.steampowered.com/app/3641000/,Steam Store,2026-07-20 10:14:48,,10
3808690,game_sale,【Steamセール中! 20%OFF】,Pathogenic,960円,https://store.steampowered.com/app/3808690/,Steam Store,2026-07-20 10:14:48,,20
4704690,game_top_seller,【Steam売上上位！】,めっちゃカメレオン,790円,https://store.steampowered.com/app/4704690/,Steam Store,2026-07-20 10:14:48,,0
1587352,game_top_seller,【Steam売上上位！】,GRANBLUE FANTASY: Relink - Endless Ragnarok（Standard Edition）,6930円,https://store.steampowered.com/app/1587352/,Steam Store,2026-07-20 10:14:48,,0
4181970,game_top_seller,【Steam売上上位！】,Full Stride,4980円,https://store.steampowered.com/app/4181970/,Steam Store,2026-07-20 10:14:48,,0
4449410,game_top_seller,【Steam売上上位！】,亰都ザナドゥ -桜花幻舞-,7920円,https://store.steampowered.com/app/4449410/,Steam Store,2026-07-20 10:14:48,,0
3839790,game_top_seller,【Steam売上上位！】,GRANBLUE FANTASY: Relink - Endless Ragnarok アップグレードキット（Standard Edition）,3960円,https://store.steampowered.com/app/3839790/,Steam Store,2026-07-20 10:14:48,,0
2483190,game_top_seller,【Steam売上上位！】,Forza Horizon 6,9800円,https://store.steampowered.com/app/2483190/,Steam Store,2026-07-20 10:14:48,,0
2244210,game_top_seller,【Steam売上上位！】,Echoes of Aincrad,8910円,https://store.steampowered.com/app/2244210/,Steam Store,2026-07-20 10:14:48,,0
4128400,game_top_seller,【Steam売上上位！】,eBaseball™: PRO SPIRIT,8778円,https://store.steampowered.com/app/4128400/,Steam Store,2026-07-20 10:14:48,,0
57805,game_top_seller,【Steam売上上位！】,Palworld + Core Keeper,3591円,https://store.steampowered.com/app/57805/,Steam Store,2026-07-20 10:14:48,,0
https://www.gizmodo.jp/article/apple-did-it-one-month-with-siri-ai/,gadget_new,【ガジェット新着! (登場)】,今秋登場のSiri AIを1ヶ月試用。正直かなり満足している,オープン価格/価格情報なし,https://www.gizmodo.jp/article/apple-did-it-one-month-with-siri-ai/,Gizmodo Japan,2026-07-20 10:14:48,,0
1623730,game_sale,【Steamセール中! 30%OFF】,Palworld / パルワールド,2380円,https://store.steampowered.com/app/1623730/,Steam Store,2026-07-21 09:29:01,,30
3240220,game_sale,【Steamセール中! 50%OFF】,グランド・セフト・オートV エンハンスト,2190円,https://store.steampowered.com/app/3240220/,Steam Store,2026-07-21 09:29:01,,50
3240220,game_sale,【Steamセール中! 50%OFF】,グランド・セフト・オートV エンハンスト,2190円,https://store.steampowered.com/app/3240220/,Steam Store,2026-07-21 09:29:01,,50
1364780,game_sale,【Steamセール中! 50%OFF】,Street Fighter 6,2495円,https://store.steampowered.com/app/1364780/,Steam Store,2026-07-21 09:29:01,,50
526870,game_sale,【Steamセール中! 30%OFF】,Satisfactory,3150円,https://store.steampowered.com/app/526870/,Steam Store,2026-07-21 09:29:01,,30
1466060,game_sale,【Steamセール中! 50%OFF】,Tainted Grail: The Fall of Avalon,2450円,https://store.steampowered.com/app/1466060/,Steam Store,2026-07-21 09:29:01,,50
3101040,game_sale,【Steamセール中! 20%OFF】,魔法少女ノ魔女裁判,2800円,https://store.steampowered.com/app/3101040/,Steam Store,2026-07-21 09:29:01,,20
2524850,game_sale,【Steamセール中! 10%OFF】,電車アタック,2178円,https://store.steampowered.com/app/2524850/,Steam Store,2026-07-21 09:29:01,,10
4630570,game_sale,【Steamセール中! 10%OFF】,RUNNING TRAIN | 走ル列車！,2682円,https://store.steampowered.com/app/4630570/,Steam Store,2026-07-21 09:29:01,,10
692569,game_sale,【Steamセール中! 84%OFF】,Monster Hunter Rise + Sunbreak,958円,https://store.steampowered.com/app/692569/,Steam Store,2026-07-21 09:29:01,,84
54029,game_top_seller,【Steam売上上位！】,プライムステータスアップグレード,2320円,https://store.steampowered.com/app/54029/,Steam Store,2026-07-21 09:29:01,,0
4704690,game_top_seller,【Steam売上上位！】,めっちゃカメレオン,790円,https://store.steampowered.com/app/4704690/,Steam Store,2026-07-21 09:29:01,,0
2246340,game_top_seller,【Steam売上上位！】,モンスターハンターワイルズ,3775円,https://store.steampowered.com/app/2246340/,Steam Store,2026-07-21 09:29:01,,0
1587352,game_top_seller,【Steam売上上位！】,GRANBLUE FANTASY: Relink - Endless Ragnarok（Standard Edition）,6930円,https://store.steampowered.com/app/1587352/,Steam Store,2026-07-21 09:29:01,,0
1202520,game_top_seller,【Steam売上上位！】,Fallout 1st,1430円,https://store.steampowered.com/app/1202520/,Steam Store,2026-07-21 09:29:01,,0
2399830,game_top_seller,【Steam売上上位！】,ARK: Survival Ascended,1690円,https://store.steampowered.com/app/2399830/,Steam Store,2026-07-21 09:29:01,,0
4128400,game_top_seller,【Steam売上上位！】,eBaseball™: PRO SPIRIT,8778円,https://store.steampowered.com/app/4128400/,Steam Store,2026-07-21 09:29:01,,0
57805,game_top_seller,【Steam売上上位！】,Palworld + Core Keeper,3591円,https://store.steampowered.com/app/57805/,Steam Store,2026-07-21 09:29:01,,0
2483190,game_top_seller,【Steam売上上位！】,Forza Horizon 6,9800円,https://store.steampowered.com/app/2483190/,Steam Store,2026-07-21 09:29:01,,0
https://www.gizmodo.jp/article/tesla-balance-bike-for-kids/,gadget_new,【ガジェット新着! (発売)】,テスラから未来感ある自転車発売。だが電動でも大人用でもない,オープン価格/価格情報なし,https://www.gizmodo.jp/article/tesla-balance-bike-for-kids/,Gizmodo Japan,2026-07-21 09:29:01,,0
1623730,game_sale,【Steamセール中! 30%OFF】,Palworld / パルワールド,2380円,https://store.steampowered.com/app/1623730/,Steam Store,2026-07-22 09:28:23,,30
3240220,game_sale,【Steamセール中! 50%OFF】,グランド・セフト・オートV エンハンスト,2190円,https://store.steampowered.com/app/3240220/,Steam Store,2026-07-22 09:28:23,,50
3240220,game_sale,【Steamセール中! 50%OFF】,グランド・セフト・オートV エンハンスト,2190円,https://store.steampowered.com/app/3240220/,Steam Store,2026-07-22 09:28:23,,50
1364780,game_sale,【Steamセール中! 50%OFF】,Street Fighter 6,2495円,https://store.steampowered.com/app/1364780/,Steam Store,2026-07-22 09:28:23,,50
1466060,game_sale,【Steamセール中! 50%OFF】,Tainted Grail: The Fall of Avalon,2450円,https://store.steampowered.com/app/1466060/,Steam Store,2026-07-22 09:28:23,,50
3590290,game_sale,【Steamセール中! 20%OFF】,DIVE or DIE - Children of Rain,1760円,https://store.steampowered.com/app/3590290/,Steam Store,2026-07-22 09:28:23,,20
692569,game_sale,【Steamセール中! 84%OFF】,Monster Hunter Rise + Sunbreak,958円,https://store.steampowered.com/app/692569/,Steam Store,2026-07-22 09:28:23,,84
526870,game_sale,【Steamセール中! 30%OFF】,Satisfactory,3150円,https://store.steampowered.com/app/526870/,Steam Store,2026-07-22 09:28:23,,30
739630,game_sale,【Steamセール中! 30%OFF】,Phasmophobia,1610円,https://store.steampowered.com/app/739630/,Steam Store,2026-07-22 09:28:23,,30
3279440,game_sale,【Steamセール中! 10%OFF】,Drone Sector,1935円,https://store.steampowered.com/app/3279440/,Steam Store,2026-07-22 09:28:23,,10
54029,game_top_seller,【Steam売上上位！】,プライムステータスアップグレード,2320円,https://store.steampowered.com/app/54029/,Steam Store,2026-07-22 09:28:23,,0
4704690,game_top_seller,【Steam売上上位！】,めっちゃカメレオン,790円,https://store.steampowered.com/app/4704690/,Steam Store,2026-07-22 09:28:23,,0
2246340,game_top_seller,【Steam売上上位！】,モンスターハンターワイルズ,3775円,https://store.steampowered.com/app/2246340/,Steam Store,2026-07-22 09:28:23,,0
57805,game_top_seller,【Steam売上上位！】,Palworld + Core Keeper,3591円,https://store.steampowered.com/app/57805/,Steam Store,2026-07-22 09:28:23,,0
1587352,game_top_seller,【Steam売上上位！】,GRANBLUE FANTASY: Relink - Endless Ragnarok（Standard Edition）,6930円,https://store.steampowered.com/app/1587352/,Steam Store,2026-07-22 09:28:23,,0
2399830,game_top_seller,【Steam売上上位！】,ARK: Survival Ascended,1690円,https://store.steampowered.com/app/2399830/,Steam Store,2026-07-22 09:28:23,,0
3101040,game_top_seller,【Steam売上上位！】,魔法少女ノ魔女裁判,2800円,https://store.steampowered.com/app/3101040/,Steam Store,2026-07-22 09:28:23,,0
4600470,game_top_seller,【Steam売上上位！】,シーズン4 Battlefieldプロ - Battlefield™ 6とREDSEC,3600円,https://store.steampowered.com/app/4600470/,Steam Store,2026-07-22 09:28:23,,0
2868840,game_top_seller,【Steam売上上位！】,Slay the Spire 2,2800円,https://store.steampowered.com/app/2868840/,Steam Store,2026-07-22 09:28:23,,0
https://www.gizmodo.jp/article/air-y-air--y-pro/,gadget_new,【ガジェット新着! (発売)】,ゲームボーイにそっくりなAndroidゲーム機が発売,オープン価格/価格情報なし,https://www.gizmodo.jp/article/air-y-air--y-pro/,Gizmodo Japan,2026-07-22 09:28:23,,0
1623730,game_sale,【Steamセール中! 30%OFF】,Palworld / パルワールド,2380円,https://store.steampowered.com/app/1623730/,Steam Store,2026-07-23 09:25:49,,30
3837350,game_sale,【Steamセール中! 10%OFF】,Staffer Retro: 超能力推理クエスト,3150円,https://store.steampowered.com/app/3837350/,Steam Store,2026-07-23 09:25:49,,10
1845250,game_sale,【Steamセール中! 10%OFF】,ルビナイト,2340円,https://store.steampowered.com/app/1845250/,Steam Store,2026-07-23 09:25:49,,10
1913120,game_sale,【Steamセール中! 10%OFF】,Tears of Metal,2835円,https://store.steampowered.com/app/1913120/,Steam Store,2026-07-23 09:25:49,,10
3938540,game_sale,【Steamセール中! 10%OFF】,Queen's Blade Re:Build,3960円,https://store.steampowered.com/app/3938540/,Steam Store,2026-07-23 09:25:49,,10
3240220,game_sale,【Steamセール中! 50%OFF】,グランド・セフト・オートV エンハンスト,2190円,https://store.steampowered.com/app/3240220/,Steam Store,2026-07-23 09:25:49,,50
3240220,game_sale,【Steamセール中! 50%OFF】,グランド・セフト・オートV エンハンスト,2190円,https://store.steampowered.com/app/3240220/,Steam Store,2026-07-23 09:25:49,,50
3722330,game_sale,【Steamセール中! 10%OFF】,Shift At Midnight,1215円,https://store.steampowered.com/app/3722330/,Steam Store,2026-07-23 09:25:49,,10
1364780,game_sale,【Steamセール中! 50%OFF】,Street Fighter 6,2495円,https://store.steampowered.com/app/1364780/,Steam Store,2026-07-23 09:25:49,,50
4324480,game_sale,【Steamセール中! 20%OFF】,Dirty Business,1520円,https://store.steampowered.com/app/4324480/,Steam Store,2026-07-23 09:25:49,,20
54029,game_top_seller,【Steam売上上位！】,プライムステータスアップグレード,2320円,https://store.steampowered.com/app/54029/,Steam Store,2026-07-23 09:25:49,,0
4570720,game_top_seller,【Steam売上上位！】,ドラゴンソード:アウェイクニング,3480円,https://store.steampowered.com/app/4570720/,Steam Store,2026-07-23 09:25:49,,0
77856,game_top_seller,【Steam売上上位！】,ドラゴンソード:アウェイクニング デラックスエディション,5202円,https://store.steampowered.com/app/77856/,Steam Store,2026-07-23 09:25:49,,0
4704690,game_top_seller,【Steam売上上位！】,めっちゃカメレオン,790円,https://store.steampowered.com/app/4704690/,Steam Store,2026-07-23 09:25:49,,0
4071070,game_top_seller,【Steam売上上位！】,餓狼伝説 CotW シーズンパス3,1980円,https://store.steampowered.com/app/4071070/,Steam Store,2026-07-23 09:25:49,,0
1202520,game_top_seller,【Steam売上上位！】,Fallout 1st,1430円,https://store.steampowered.com/app/1202520/,Steam Store,2026-07-23 09:25:49,,0
https://www.gizmodo.jp/article/monocloth-for-apple-devices/,gadget_new,【ガジェット新着! (登場)】,リンゴマークに囲まれている方に朗報。なんとAppleデバイス専用クロスが登場しました,オープン価格/価格情報なし,https://www.gizmodo.jp/article/monocloth-for-apple-devices/,Gizmodo Japan,2026-07-23 09:25:49,,0
2699230,game_sale,【Steamセール中! 10%OFF】,Grim Dawn - Fangs of Asterkarn,2115円,https://store.steampowered.com/app/2699230/,Steam Store,2026-07-24 09:22:52,,10
4704690,game_sale,【Steamセール中! 15%OFF】,めっちゃカメレオン,671円,https://store.steampowered.com/app/4704690/,Steam Store,2026-07-24 09:22:52,,15
3440070,game_sale,【Steamセール中! 10%OFF】,Dinoblade,2340円,https://store.steampowered.com/app/3440070/,Steam Store,2026-07-24 09:22:52,,10
3240220,game_sale,【Steamセール中! 50%OFF】,グランド・セフト・オートV エンハンスト,2190円,https://store.steampowered.com/app/3240220/,Steam Store,2026-07-24 09:22:52,,50
1845250,game_sale,【Steamセール中! 10%OFF】,ルビナイト,2340円,https://store.steampowered.com/app/1845250/,Steam Store,2026-07-24 09:22:52,,10
1913120,game_sale,【Steamセール中! 10%OFF】,Tears of Metal,2835円,https://store.steampowered.com/app/1913120/,Steam Store,2026-07-24 09:22:52,,10
3837350,game_sale,【Steamセール中! 10%OFF】,Staffer Retro: 超能力推理クエスト,3150円,https://store.steampowered.com/app/3837350/,Steam Store,2026-07-24 09:22:52,,10
1984270,game_sale,【Steamセール中! 40%OFF】,デジモンストーリー タイムストレンジャー,6600円,https://store.steampowered.com/app/1984270/,Steam Store,2026-07-24 09:22:52,,40
1364780,game_sale,【Steamセール中! 50%OFF】,Street Fighter 6,2495円,https://store.steampowered.com/app/1364780/,Steam Store,2026-07-24 09:22:52,,50
3722330,game_sale,【Steamセール中! 10%OFF】,Shift At Midnight,1215円,https://store.steampowered.com/app/3722330/,Steam Store,2026-07-24 09:22:52,,10
4570720,game_top_seller,【Steam売上上位！】,ドラゴンソード:アウェイクニング,3480円,https://store.steampowered.com/app/4570720/,Steam Store,2026-07-24 09:22:52,,0
54029,game_top_seller,【Steam売上上位！】,プライムステータスアップグレード,2320円,https://store.steampowered.com/app/54029/,Steam Store,2026-07-24 09:22:52,,0
1623730,game_top_seller,【Steam売上上位！】,Palworld / パルワールド,3400円,https://store.steampowered.com/app/1623730/,Steam Store,2026-07-24 09:22:52,,0
3938540,game_top_seller,【Steam売上上位！】,Queen's Blade Re:Build,3960円,https://store.steampowered.com/app/3938540/,Steam Store,2026-07-24 09:22:52,,0
1587352,game_top_seller,【Steam売上上位！】,GRANBLUE FANTASY: Relink - Endless Ragnarok（Standard Edition）,6930円,https://store.steampowered.com/app/1587352/,Steam Store,2026-07-24 09:22:52,,0
77856,game_top_seller,【Steam売上上位！】,ドラゴンソード:アウェイクニング デラックスエディション,5202円,https://store.steampowered.com/app/77856/,Steam Store,2026-07-24 09:22:52,,0
3508910,game_top_seller,【Steam売上上位！】,奈落のキッチン,1350円,https://store.steampowered.com/app/3508910/,Steam Store,2026-07-24 09:22:52,,0
4704690,game_sale,【Steamセール中! 15%OFF】,めっちゃカメレオン,671円,https://store.steampowered.com/app/4704690/,Steam Store,2026-07-25 09:01:38,,15
2699230,game_sale,【Steamセール中! 10%OFF】,Grim Dawn - Fangs of Asterkarn,2115円,https://store.steampowered.com/app/2699230/,Steam Store,2026-07-25 09:01:38,,10
1913120,game_sale,【Steamセール中! 10%OFF】,Tears of Metal,2835円,https://store.steampowered.com/app/1913120/,Steam Store,2026-07-25 09:01:38,,10
3440070,game_sale,【Steamセール中! 10%OFF】,Dinoblade,2340円,https://store.steampowered.com/app/3440070/,Steam Store,2026-07-25 09:01:38,,10
3837350,game_sale,【Steamセール中! 10%OFF】,Staffer Retro: 超能力推理クエスト,3150円,https://store.steampowered.com/app/3837350/,Steam Store,2026-07-25 09:01:38,,10
1984270,game_sale,【Steamセール中! 40%OFF】,デジモンストーリー タイムストレンジャー,6600円,https://store.steampowered.com/app/1984270/,Steam Store,2026-07-25 09:01:38,,40
3240220,game_sale,【Steamセール中! 50%OFF】,グランド・セフト・オートV エンハンスト,2190円,https://store.steampowered.com/app/3240220/,Steam Store,2026-07-25 09:01:38,,50
3722330,game_sale,【Steamセール中! 10%OFF】,Shift At Midnight,1215円,https://store.steampowered.com/app/3722330/,Steam Store,2026-07-25 09:01:38,,10
3892270,game_sale,【Steamセール中! 38%OFF】,Gamble With Your Friends,570円,https://store.steampowered.com/app/3892270/,Steam Store,2026-07-25 09:01:38,,38
3241660,game_sale,【Steamセール中! 35%OFF】,R.E.P.O.,780円,https://store.steampowered.com/app/3241660/,Steam Store,2026-07-25 09:01:38,,35
1623730,game_top_seller,【Steam売上上位！】,Palworld / パルワールド,3400円,https://store.steampowered.com/app/1623730/,Steam Store,2026-07-25 09:01:38,,0
54029,game_top_seller,【Steam売上上位！】,プライムステータスアップグレード,2320円,https://store.steampowered.com/app/54029/,Steam Store,2026-07-25 09:01:38,,0
4570720,game_top_seller,【Steam売上上位！】,ドラゴンソード:アウェイクニング,3480円,https://store.steampowered.com/app/4570720/,Steam Store,2026-07-25 09:01:38,,0
1587352,game_top_seller,【Steam売上上位！】,GRANBLUE FANTASY: Relink - Endless Ragnarok（Standard Edition）,6930円,https://store.steampowered.com/app/1587352/,Steam Store,2026-07-25 09:01:38,,0
2246340,game_top_seller,【Steam売上上位！】,モンスターハンターワイルズ,3775円,https://store.steampowered.com/app/2246340/,Steam Store,2026-07-25 09:01:38,,0
2001760,game_top_seller,【Steam売上上位！】,Beast of Reincarnation,7980円,https://store.steampowered.com/app/2001760/,Steam Store,2026-07-25 09:01:38,,0
1202520,game_top_seller,【Steam売上上位！】,Fallout 1st,1430円,https://store.steampowered.com/app/1202520/,Steam Store,2026-07-25 09:01:38,,0
4704690,game_sale,【Steamセール中! 15%OFF】,めっちゃカメレオン,671円,https://store.steampowered.com/app/4704690/,Steam Store,2026-07-26 09:15:18,,15
2699230,game_sale,【Steamセール中! 10%OFF】,Grim Dawn - Fangs of Asterkarn,2115円,https://store.steampowered.com/app/2699230/,Steam Store,2026-07-26 09:15:18,,10
3240220,game_sale,【Steamセール中! 50%OFF】,グランド・セフト・オートV エンハンスト,2190円,https://store.steampowered.com/app/3240220/,Steam Store,2026-07-26 09:15:18,,50
3241660,game_sale,【Steamセール中! 35%OFF】,R.E.P.O.,780円,https://store.steampowered.com/app/3241660/,Steam Store,2026-07-26 09:15:18,,35
3892270,game_sale,【Steamセール中! 38%OFF】,Gamble With Your Friends,570円,https://store.steampowered.com/app/3892270/,Steam Store,2026-07-26 09:15:18,,38
1913120,game_sale,【Steamセール中! 10%OFF】,Tears of Metal,2835円,https://store.steampowered.com/app/1913120/,Steam Store,2026-07-26 09:15:18,,10
1364780,game_sale,【Steamセール中! 50%OFF】,Street Fighter 6,2495円,https://store.steampowered.com/app/1364780/,Steam Store,2026-07-26 09:15:18,,50
1984270,game_sale,【Steamセール中! 40%OFF】,デジモンストーリー タイムストレンジャー,6600円,https://store.steampowered.com/app/1984270/,Steam Store,2026-07-26 09:15:18,,40
3837350,game_sale,【Steamセール中! 10%OFF】,Staffer Retro: 超能力推理クエスト,3150円,https://store.steampowered.com/app/3837350/,Steam Store,2026-07-26 09:15:18,,10
526870,game_sale,【Steamセール中! 30%OFF】,Satisfactory,3150円,https://store.steampowered.com/app/526870/,Steam Store,2026-07-26 09:15:18,,30
1623730,game_top_seller,【Steam売上上位！】,Palworld / パルワールド,3400円,https://store.steampowered.com/app/1623730/,Steam Store,2026-07-26 09:15:18,,0
4570720,game_top_seller,【Steam売上上位！】,ドラゴンソード:アウェイクニング,3480円,https://store.steampowered.com/app/4570720/,Steam Store,2026-07-26 09:15:18,,0
1587352,game_top_seller,【Steam売上上位！】,GRANBLUE FANTASY: Relink - Endless Ragnarok（Standard Edition）,6930円,https://store.steampowered.com/app/1587352/,Steam Store,2026-07-26 09:15:18,,0
2001760,game_top_seller,【Steam売上上位！】,Beast of Reincarnation,7980円,https://store.steampowered.com/app/2001760/,Steam Store,2026-07-26 09:15:18,,0
2246340,game_top_seller,【Steam売上上位！】,モンスターハンターワイルズ,3775円,https://store.steampowered.com/app/2246340/,Steam Store,2026-07-26 09:15:18,,0
57805,game_top_seller,【Steam売上上位！】,Palworld + Core Keeper,4509円,https://store.steampowered.com/app/57805/,Steam Store,2026-07-26 09:15:18,,0
2868840,game_top_seller,【Steam売上上位！】,Slay the Spire 2,2800円,https://store.steampowered.com/app/2868840/,Steam Store,2026-07-26 09:15:18,,0
https://www.gizmodo.jp/article/oneplus-demise/,gadget_new,【ガジェット新着! (発売)】,【悲報】日本で発売されぬままOnePlusが海外市場、撤退へ,オープン価格/価格情報なし,https://www.gizmodo.jp/article/oneplus-demise/,Gizmodo Japan,2026-07-26 09:15:18,,0
4704690,game_sale,【Steamセール中! 15%OFF】,めっちゃカメレオン,671円,https://store.steampowered.com/app/4704690/,Steam Store,2026-07-27 10:45:02,,15
2417610,game_sale,【Steamセール中! 60%OFF】,METAL GEAR SOLID Δ: SNAKE EATER,3432円,https://store.steampowered.com/app/2417610/,Steam Store,2026-07-27 10:45:02,,60
3240220,game_sale,【Steamセール中! 50%OFF】,グランド・セフト・オートV エンハンスト,2190円,https://store.steampowered.com/app/3240220/,Steam Store,2026-07-27 10:45:02,,50
2699230,game_sale,【Steamセール中! 10%OFF】,Grim Dawn - Fangs of Asterkarn,2115円,https://store.steampowered.com/app/2699230/,Steam Store,2026-07-27 10:45:02,,10
3892270,game_sale,【Steamセール中! 38%OFF】,Gamble With Your Friends,570円,https://store.steampowered.com/app/3892270/,Steam Store,2026-07-27 10:45:02,,38
1364780,game_sale,【Steamセール中! 50%OFF】,Street Fighter 6,2495円,https://store.steampowered.com/app/1364780/,Steam Store,2026-07-27 10:45:02,,50
3241660,game_sale,【Steamセール中! 35%OFF】,R.E.P.O.,780円,https://store.steampowered.com/app/3241660/,Steam Store,2026-07-27 10:45:02,,35
3561220,game_sale,【Steamセール中! 10%OFF】,Pass the Fear,1935円,https://store.steampowered.com/app/3561220/,Steam Store,2026-07-27 10:45:02,,10
3722330,game_sale,【Steamセール中! 10%OFF】,Shift At Midnight,1215円,https://store.steampowered.com/app/3722330/,Steam Store,2026-07-27 10:45:02,,10
1149460,game_sale,【Steamセール中! 80%OFF】,ICARUS サバイブイカルス,780円,https://store.steampowered.com/app/1149460/,Steam Store,2026-07-27 10:45:02,,80
1623730,game_top_seller,【Steam売上上位！】,Palworld / パルワールド,3400円,https://store.steampowered.com/app/1623730/,Steam Store,2026-07-27 10:45:02,,0
4570720,game_top_seller,【Steam売上上位！】,ドラゴンソード:アウェイクニング,3480円,https://store.steampowered.com/app/4570720/,Steam Store,2026-07-27 10:45:02,,0
2246340,game_top_seller,【Steam売上上位！】,モンスターハンターワイルズ,3775円,https://store.steampowered.com/app/2246340/,Steam Store,2026-07-27 10:45:02,,0
54029,game_top_seller,【Steam売上上位！】,プライムステータスアップグレード,2320円,https://store.steampowered.com/app/54029/,Steam Store,2026-07-27 10:45:02,,0
1587352,game_top_seller,【Steam売上上位！】,GRANBLUE FANTASY: Relink - Endless Ragnarok（Standard Edition）,6930円,https://store.steampowered.com/app/1587352/,Steam Store,2026-07-27 10:45:02,,0
2001760,game_top_seller,【Steam売上上位！】,Beast of Reincarnation,7980円,https://store.steampowered.com/app/2001760/,Steam Store,2026-07-27 10:45:02,,0
4412690,game_top_seller,【Steam売上上位！】,Street Fighter 6 - Year 4 アルティメットパス,4600円,https://store.steampowered.com/app/4412690/,Steam Store,2026-07-27 10:45:02,,0
3787240,game_top_seller,【Steam売上上位！】,MARVEL Tōkon: Fighting Souls,7980円,https://store.steampowered.com/app/3787240/,Steam Store,2026-07-27 10:45:02,,0
1091500,game_sale,【Steamセール中! 70%OFF】,サイバーパンク2077,2633円,https://store.steampowered.com/app/1091500/,Steam Store,2026-07-28 09:37:36,,70
4704690,game_sale,【Steamセール中! 15%OFF】,めっちゃカメレオン,671円,https://store.steampowered.com/app/4704690/,Steam Store,2026-07-28 09:37:36,,15
2138330,game_sale,【Steamセール中! 40%OFF】,サイバーパンク2077：仮初めの自由,2585円,https://store.steampowered.com/app/2138330/,Steam Store,2026-07-28 09:37:36,,40
3240220,game_sale,【Steamセール中! 50%OFF】,グランド・セフト・オートV エンハンスト,2190円,https://store.steampowered.com/app/3240220/,Steam Store,2026-07-28 09:37:36,,50
2417610,game_sale,【Steamセール中! 60%OFF】,METAL GEAR SOLID Δ: SNAKE EATER,3432円,https://store.steampowered.com/app/2417610/,Steam Store,2026-07-28 09:37:36,,60
2699230,game_sale,【Steamセール中! 10%OFF】,Grim Dawn - Fangs of Asterkarn,2115円,https://store.steampowered.com/app/2699230/,Steam Store,2026-07-28 09:37:36,,10
1149460,game_sale,【Steamセール中! 80%OFF】,ICARUS サバイブイカルス,780円,https://store.steampowered.com/app/1149460/,Steam Store,2026-07-28 09:37:36,,80
1364780,game_sale,【Steamセール中! 50%OFF】,Street Fighter 6,2495円,https://store.steampowered.com/app/1364780/,Steam Store,2026-07-28 09:37:36,,50
3892270,game_sale,【Steamセール中! 38%OFF】,Gamble With Your Friends,570円,https://store.steampowered.com/app/3892270/,Steam Store,2026-07-28 09:37:36,,38
2384580,game_sale,【Steamセール中! 30%OFF】,真・三國無双 ORIGINS,6776円,https://store.steampowered.com/app/2384580/,Steam Store,2026-07-28 09:37:36,,30
1623730,game_top_seller,【Steam売上上位！】,Palworld / パルワールド,3400円,https://store.steampowered.com/app/1623730/,Steam Store,2026-07-28 09:37:36,,0
4412690,game_top_seller,【Steam売上上位！】,Street Fighter 6 - Year 4 アルティメットパス,4600円,https://store.steampowered.com/app/4412690/,Steam Store,2026-07-28 09:37:36,,0
4570720,game_top_seller,【Steam売上上位！】,ドラゴンソード:アウェイクニング,3480円,https://store.steampowered.com/app/4570720/,Steam Store,2026-07-28 09:37:36,,0
32470,game_top_seller,【Steam売上上位！】,サイバーパンク2077 アルティメットエディション,4800円,https://store.steampowered.com/app/32470/,Steam Store,2026-07-28 09:37:36,,0
2246340,game_top_seller,【Steam売上上位！】,モンスターハンターワイルズ,3775円,https://store.steampowered.com/app/2246340/,Steam Store,2026-07-28 09:37:36,,0
54029,game_top_seller,【Steam売上上位！】,プライムステータスアップグレード,2320円,https://store.steampowered.com/app/54029/,Steam Store,2026-07-28 09:37:36,,0
2001760,game_top_seller,【Steam売上上位！】,Beast of Reincarnation,7980円,https://store.steampowered.com/app/2001760/,Steam Store,2026-07-28 09:37:36,,0
https://www.gizmodo.jp/article/mdr-cd900st-the-first-take-edition/,gadget_new,【ガジェット新着! (登場)】,THE FIRST TAKEでおなじみMDR-CD900STの限定モデル登場,オープン価格/価格情報なし,https://www.gizmodo.jp/article/mdr-cd900st-the-first-take-edition/,Gizmodo Japan,2026-07-28 09:37:36,,0
1091500,game_sale,【Steamセール中! 70%OFF】,サイバーパンク2077,2633円,https://store.steampowered.com/app/1091500/,Steam Store,2026-07-29 09:39:25,,70
4704690,game_sale,【Steamセール中! 15%OFF】,めっちゃカメレオン,671円,https://store.steampowered.com/app/4704690/,Steam Store,2026-07-29 09:39:25,,15
2138330,game_sale,【Steamセール中! 40%OFF】,サイバーパンク2077：仮初めの自由,2585円,https://store.steampowered.com/app/2138330/,Steam Store,2026-07-29 09:39:25,,40
4594150,game_sale,【Steamセール中! 10%OFF】,司令官、オークの大群です！,899円,https://store.steampowered.com/app/4594150/,Steam Store,2026-07-29 09:39:25,,10
2417610,game_sale,【Steamセール中! 60%OFF】,METAL GEAR SOLID Δ: SNAKE EATER,3432円,https://store.steampowered.com/app/2417610/,Steam Store,2026-07-29 09:39:25,,60
3892270,game_sale,【Steamセール中! 38%OFF】,Gamble With Your Friends,570円,https://store.steampowered.com/app/3892270/,Steam Store,2026-07-29 09:39:25,,38
3241660,game_sale,【Steamセール中! 35%OFF】,R.E.P.O.,780円,https://store.steampowered.com/app/3241660/,Steam Store,2026-07-29 09:39:25,,35
2699230,game_sale,【Steamセール中! 10%OFF】,Grim Dawn - Fangs of Asterkarn,2115円,https://store.steampowered.com/app/2699230/,Steam Store,2026-07-29 09:39:25,,10
1364780,game_sale,【Steamセール中! 50%OFF】,Street Fighter 6,2495円,https://store.steampowered.com/app/1364780/,Steam Store,2026-07-29 09:39:25,,50
1149460,game_sale,【Steamセール中! 80%OFF】,ICARUS サバイブイカルス,780円,https://store.steampowered.com/app/1149460/,Steam Store,2026-07-29 09:39:25,,80
1623730,game_top_seller,【Steam売上上位！】,Palworld / パルワールド,3400円,https://store.steampowered.com/app/1623730/,Steam Store,2026-07-29 09:39:25,,0
4893760,game_top_seller,【Steam売上上位！】,JR東日本トレインシミュレータ: 東海道線上り (熱海 → 東京) E233系3000番代,3980円,https://store.steampowered.com/app/4893760/,Steam Store,2026-07-29 09:39:25,,0
3825390,game_top_seller,【Steam売上上位！】,BLUE REFLECTION Quartet: 少女たちのキセキ,7480円,https://store.steampowered.com/app/3825390/,Steam Store,2026-07-29 09:39:25,,0
2001760,game_top_seller,【Steam売上上位！】,Beast of Reincarnation,7980円,https://store.steampowered.com/app/2001760/,Steam Store,2026-07-29 09:39:25,,0
2806050,game_top_seller,【Steam売上上位！】,Halo: Campaign Evolved,7900円,https://store.steampowered.com/app/2806050/,Steam Store,2026-07-29 09:39:25,,0
32470,game_top_seller,【Steam売上上位！】,サイバーパンク2077 アルティメットエディション,4800円,https://store.steampowered.com/app/32470/,Steam Store,2026-07-29 09:39:25,,0
2246340,game_top_seller,【Steam売上上位！】,モンスターハンターワイルズ,3775円,https://store.steampowered.com/app/2246340/,Steam Store,2026-07-29 09:39:25,,0
https://www.gizmodo.jp/article/samsung-galaxy-fold8-shortage/,gadget_new,【ガジェット新着! (発売)】,発売前から品薄気味？ Galaxy Z Fold8で一番人気の色は？,オープン価格/価格情報なし,https://www.gizmodo.jp/article/samsung-galaxy-fold8-shortage/,Gizmodo Japan,2026-07-29 09:39:25,,0
https://www.gizmodo.jp/article/iphone-air-sale/,gadget_new,【ガジェット新着! (Amazon)】,Amazon、Appleの値上げガン無視かよ…。iPhone Airが最大7万8000円も安い!?,8000円,https://www.gizmodo.jp/article/iphone-air-sale/,Gizmodo Japan,2026-07-29 09:39:25,,0
1091500,game_sale,【Steamセール中! 70%OFF】,サイバーパンク2077,2633円,https://store.steampowered.com/app/1091500/,Steam Store,2026-07-30 09:32:40,,70
4704690,game_sale,【Steamセール中! 15%OFF】,めっちゃカメレオン,671円,https://store.steampowered.com/app/4704690/,Steam Store,2026-07-30 09:32:40,,15
252490,game_sale,【Steamセール中! 50%OFF】,Rust,2300円,https://store.steampowered.com/app/252490/,Steam Store,2026-07-30 09:32:40,,50
3825600,game_sale,【Steamセール中! 10%OFF】,カルドセプト ザ ファースト,4455円,https://store.steampowered.com/app/3825600/,Steam Store,2026-07-30 09:32:40,,10
1971650,game_sale,【Steamセール中! 60%OFF】,オクトパストラベラー II,2191円,https://store.steampowered.com/app/1971650/,Steam Store,2026-07-30 09:32:40,,60
2138330,game_sale,【Steamセール中! 40%OFF】,サイバーパンク2077：仮初めの自由,2585円,https://store.steampowered.com/app/2138330/,Steam Store,2026-07-30 09:32:40,,40
1364780,game_sale,【Steamセール中! 50%OFF】,Street Fighter 6,2495円,https://store.steampowered.com/app/1364780/,Steam Store,2026-07-30 09:32:40,,50
4594150,game_sale,【Steamセール中! 10%OFF】,司令官、オークの大群です！,899円,https://store.steampowered.com/app/4594150/,Steam Store,2026-07-30 09:32:40,,10
4421010,game_sale,【Steamセール中! 30%OFF】,Bills Must Be Paid,633円,https://store.steampowered.com/app/4421010/,Steam Store,2026-07-30 09:32:40,,30
2417610,game_sale,【Steamセール中! 60%OFF】,METAL GEAR SOLID Δ: SNAKE EATER,3432円,https://store.steampowered.com/app/2417610/,Steam Store,2026-07-30 09:32:40,,60
3934250,game_top_seller,【Steam売上上位！】,ほの暮しの庭,9020円,https://store.steampowered.com/app/3934250/,Steam Store,2026-07-30 09:32:40,,0
3282300,game_top_seller,【Steam売上上位！】,Mistfall Hunter,2835円,https://store.steampowered.com/app/3282300/,Steam Store,2026-07-30 09:32:40,,0
54029,game_top_seller,【Steam売上上位！】,プライムステータスアップグレード,2320円,https://store.steampowered.com/app/54029/,Steam Store,2026-07-30 09:32:40,,0
4433900,game_top_seller,【Steam売上上位！】,ドラゴンボール Sparking! ZERO 限界超突破DLC「NEO」,3960円,https://store.steampowered.com/app/4433900/,Steam Store,2026-07-30 09:32:40,,0
1623730,game_top_seller,【Steam売上上位！】,Palworld / パルワールド,3400円,https://store.steampowered.com/app/1623730/,Steam Store,2026-07-30 09:32:40,,0
76900,game_top_seller,【Steam売上上位！】,Mistfall Hunter - Deluxe Edition,4590円,https://store.steampowered.com/app/76900/,Steam Store,2026-07-30 09:32:40,,0
3907350,game_top_seller,【Steam売上上位！】,テニスの王子様　も～っと 学園祭の王子様 ♡-40 and more...,7700円,https://store.steampowered.com/app/3907350/,Steam Store,2026-07-30 09:32:40,,0
3907380,game_top_seller,【Steam売上上位！】,テニスの王子様　ぎゅ～っと！ ドキドキサバイバル Tie break ♡ game,7700円,https://store.steampowered.com/app/3907380/,Steam Store,2026-07-30 09:32:40,,0
https://www.gizmodo.jp/article/6456bce6-8609-469e-98ca-d31e95a65337/,gadget_new,【ガジェット新着! (Amazon)】,AirPods Pro3、Amazonで値上げ前より安いぞ回収急げ！,オープン価格/価格情報なし,https://www.gizmodo.jp/article/6456bce6-8609-469e-98ca-d31e95a65337/,Gizmodo Japan,2026-07-30 09:32:40,,0
2651280,game_sale,【Steamセール中! 33%OFF】,Marvel's Spider-Man 2,5085円,https://store.steampowered.com/app/2651280/,Steam Store,2026-07-31 09:46:45,,33
3282300,game_sale,【Steamセール中! 10%OFF】,Mistfall Hunter,2835円,https://store.steampowered.com/app/3282300/,Steam Store,2026-07-31 09:46:45,,10
1091500,game_sale,【Steamセール中! 70%OFF】,サイバーパンク2077,2633円,https://store.steampowered.com/app/1091500/,Steam Store,2026-07-31 09:46:45,,70
1086940,game_sale,【Steamセール中! 30%OFF】,Baldur's Gate 3,5949円,https://store.steampowered.com/app/1086940/,Steam Store,2026-07-31 09:46:45,,30
4704690,game_sale,【Steamセール中! 15%OFF】,めっちゃカメレオン,671円,https://store.steampowered.com/app/4704690/,Steam Store,2026-07-31 09:46:45,,15
1817070,game_sale,【Steamセール中! 60%OFF】,Marvel’s Spider-Man Remastered,3036円,https://store.steampowered.com/app/1817070/,Steam Store,2026-07-31 09:46:45,,60
2436940,game_sale,【Steamセール中! 40%OFF】,セフィリア,1020円,https://store.steampowered.com/app/2436940/,Steam Store,2026-07-31 09:46:45,,40
252490,game_sale,【Steamセール中! 50%OFF】,Rust,2300円,https://store.steampowered.com/app/252490/,Steam Store,2026-07-31 09:46:45,,50
1817190,game_sale,【Steamセール中! 60%OFF】,Marvel’s Spider-Man: Miles Morales,2596円,https://store.steampowered.com/app/1817190/,Steam Store,2026-07-31 09:46:45,,60
4421010,game_sale,【Steamセール中! 30%OFF】,Bills Must Be Paid,633円,https://store.steampowered.com/app/4421010/,Steam Store,2026-07-31 09:46:45,,30
3934250,game_top_seller,【Steam売上上位！】,ほの暮しの庭,9020円,https://store.steampowered.com/app/3934250/,Steam Store,2026-07-31 09:46:45,,0
1623730,game_top_seller,【Steam売上上位！】,Palworld / パルワールド,3400円,https://store.steampowered.com/app/1623730/,Steam Store,2026-07-31 09:46:45,,0
54029,game_top_seller,【Steam売上上位！】,プライムステータスアップグレード,2320円,https://store.steampowered.com/app/54029/,Steam Store,2026-07-31 09:46:45,,0
4412690,game_top_seller,【Steam売上上位！】,Street Fighter 6 - Year 4 アルティメットパス,4600円,https://store.steampowered.com/app/4412690/,Steam Store,2026-07-31 09:46:45,,0
2001760,game_top_seller,【Steam売上上位！】,Beast of Reincarnation,7980円,https://store.steampowered.com/app/2001760/,Steam Store,2026-07-31 09:46:45,,0
4433900,game_top_seller,【Steam売上上位！】,ドラゴンボール Sparking! ZERO 限界超突破DLC「NEO」,3960円,https://store.steampowered.com/app/4433900/,Steam Store,2026-07-31 09:46:45,,0
1368140,game_sale,【Steamセール中! 25%OFF】,Corsair Cove コルセア・コーヴ,2985円,https://store.steampowered.com/app/1368140/,Steam Store,2026-08-01 09:07:44,,25
3282300,game_sale,【Steamセール中! 10%OFF】,Mistfall Hunter,2835円,https://store.steampowered.com/app/3282300/,Steam Store,2026-08-01 09:07:44,,10
1086940,game_sale,【Steamセール中! 30%OFF】,Baldur's Gate 3,5949円,https://store.steampowered.com/app/1086940/,Steam Store,2026-08-01 09:07:44,,30
2651280,game_sale,【Steamセール中! 33%OFF】,Marvel's Spider-Man 2,5085円,https://store.steampowered.com/app/2651280/,Steam Store,2026-08-01 09:07:44,,33
1817070,game_sale,【Steamセール中! 60%OFF】,Marvel’s Spider-Man Remastered,3036円,https://store.steampowered.com/app/1817070/,Steam Store,2026-08-01 09:07:44,,60
1091500,game_sale,【Steamセール中! 70%OFF】,サイバーパンク2077,2633円,https://store.steampowered.com/app/1091500/,Steam Store,2026-08-01 09:07:44,,70
4704690,game_sale,【Steamセール中! 15%OFF】,めっちゃカメレオン,671円,https://store.steampowered.com/app/4704690/,Steam Store,2026-08-01 09:07:44,,15
252490,game_sale,【Steamセール中! 50%OFF】,Rust,2300円,https://store.steampowered.com/app/252490/,Steam Store,2026-08-01 09:07:44,,50
2436940,game_sale,【Steamセール中! 40%OFF】,セフィリア,1020円,https://store.steampowered.com/app/2436940/,Steam Store,2026-08-01 09:07:44,,40
1817190,game_sale,【Steamセール中! 60%OFF】,Marvel’s Spider-Man: Miles Morales,2596円,https://store.steampowered.com/app/1817190/,Steam Store,2026-08-01 09:07:44,,60
3934250,game_top_seller,【Steam売上上位！】,ほの暮しの庭,9020円,https://store.steampowered.com/app/3934250/,Steam Store,2026-08-01 09:07:44,,0
1623730,game_top_seller,【Steam売上上位！】,Palworld / パルワールド,3400円,https://store.steampowered.com/app/1623730/,Steam Store,2026-08-01 09:07:44,,0
2001760,game_top_seller,【Steam売上上位！】,Beast of Reincarnation,7980円,https://store.steampowered.com/app/2001760/,Steam Store,2026-08-01 09:07:44,,0
4412690,game_top_seller,【Steam売上上位！】,Street Fighter 6 - Year 4 アルティメットパス,4600円,https://store.steampowered.com/app/4412690/,Steam Store,2026-08-01 09:07:44,,0
4412680,game_top_seller,【Steam売上上位！】,Street Fighter 6 - Year 4 キャラクターパス,3000円,https://store.steampowered.com/app/4412680/,Steam Store,2026-08-01 09:07:44,,0
https://www.gizmodo.jp/article/iphone-18-18pro-rumors-summary/,gadget_new,【ガジェット新着! (発売)】,iPhone 18シリーズ、何が変わる？ 発売日・価格・スペック噂まとめ【7/31 更新】,オープン価格/価格情報なし,https://www.gizmodo.jp/article/iphone-18-18pro-rumors-summary/,Gizmodo Japan,2026-08-01 09:07:44,,0
1817070,game_sale,【Steamセール中! 60%OFF】,Marvel’s Spider-Man Remastered,3036円,https://store.steampowered.com/app/1817070/,Steam Store,2026-08-02 09:10:18,,60
1368140,game_sale,【Steamセール中! 25%OFF】,Corsair Cove コルセア・コーヴ,2985円,https://store.steampowered.com/app/1368140/,Steam Store,2026-08-02 09:10:18,,25
2651280,game_sale,【Steamセール中! 33%OFF】,Marvel's Spider-Man 2,5085円,https://store.steampowered.com/app/2651280/,Steam Store,2026-08-02 09:10:18,,33
1091500,game_sale,【Steamセール中! 70%OFF】,サイバーパンク2077,2633円,https://store.steampowered.com/app/1091500/,Steam Store,2026-08-02 09:10:18,,70
4704690,game_sale,【Steamセール中! 15%OFF】,めっちゃカメレオン,671円,https://store.steampowered.com/app/4704690/,Steam Store,2026-08-02 09:10:18,,15
2436940,game_sale,【Steamセール中! 40%OFF】,セフィリア,1020円,https://store.steampowered.com/app/2436940/,Steam Store,2026-08-02 09:10:18,,40
1086940,game_sale,【Steamセール中! 30%OFF】,Baldur's Gate 3,5949円,https://store.steampowered.com/app/1086940/,Steam Store,2026-08-02 09:10:18,,30
252490,game_sale,【Steamセール中! 50%OFF】,Rust,2300円,https://store.steampowered.com/app/252490/,Steam Store,2026-08-02 09:10:18,,50
4108000,game_sale,【Steamセール中! 15%OFF】,Machine Party,807円,https://store.steampowered.com/app/4108000/,Steam Store,2026-08-02 09:10:18,,15
1817190,game_sale,【Steamセール中! 60%OFF】,Marvel’s Spider-Man: Miles Morales,2596円,https://store.steampowered.com/app/1817190/,Steam Store,2026-08-02 09:10:18,,60
3934250,game_top_seller,【Steam売上上位！】,ほの暮しの庭,9020円,https://store.steampowered.com/app/3934250/,Steam Store,2026-08-02 09:10:18,,0
4412690,game_top_seller,【Steam売上上位！】,Street Fighter 6 - Year 4 アルティメットパス,4600円,https://store.steampowered.com/app/4412690/,Steam Store,2026-08-02 09:10:18,,0
3282300,game_top_seller,【Steam売上上位！】,Mistfall Hunter,2835円,https://store.steampowered.com/app/3282300/,Steam Store,2026-08-02 09:10:18,,0
1623730,game_top_seller,【Steam売上上位！】,Palworld / パルワールド,3400円,https://store.steampowered.com/app/1623730/,Steam Store,2026-08-02 09:10:18,,0
2001760,game_top_seller,【Steam売上上位！】,Beast of Reincarnation,7980円,https://store.steampowered.com/app/2001760/,Steam Store,2026-08-02 09:10:18,,0
4412680,game_top_seller,【Steam売上上位！】,Street Fighter 6 - Year 4 キャラクターパス,3000円,https://store.steampowered.com/app/4412680/,Steam Store,2026-08-02 09:10:18,,0
https://www.gizmodo.jp/article/konkr-pocket-advance/,gadget_new,【ガジェット新着! (登場)】,この形、あまりにも懐かしい。ゲームボーイアドバンス風Androidゲーム機が登場,オープン価格/価格情報なし,https://www.gizmodo.jp/article/konkr-pocket-advance/,Gizmodo Japan,2026-08-02 09:10:18,,0
https://www.gizmodo.jp/article/gelato-pique-recovery-wear/,gadget_new,【ガジェット新着! (発売)】,ジェラピケも「疲労回復」。ブランド初のリカバリーウェアを発売,オープン価格/価格情報なし,https://www.gizmodo.jp/article/gelato-pique-recovery-wear/,Gizmodo Japan,2026-08-02 09:10:18,,0
1368140,game_sale,【Steamセール中! 25%OFF】,Corsair Cove コルセア・コーヴ,2985円,https://store.steampowered.com/app/1368140/,Steam Store,2026-08-03 10:44:58,,25
2651280,game_sale,【Steamセール中! 33%OFF】,Marvel's Spider-Man 2,5085円,https://store.steampowered.com/app/2651280/,Steam Store,2026-08-03 10:44:58,,33
1817070,game_sale,【Steamセール中! 60%OFF】,Marvel’s Spider-Man Remastered,3036円,https://store.steampowered.com/app/1817070/,Steam Store,2026-08-03 10:44:58,,60
1091500,game_sale,【Steamセール中! 70%OFF】,サイバーパンク2077,2633円,https://store.steampowered.com/app/1091500/,Steam Store,2026-08-03 10:44:58,,70
252490,game_sale,【Steamセール中! 50%OFF】,Rust,2300円,https://store.steampowered.com/app/252490/,Steam Store,2026-08-03 10:44:58,,50
1086940,game_sale,【Steamセール中! 30%OFF】,Baldur's Gate 3,5949円,https://store.steampowered.com/app/1086940/,Steam Store,2026-08-03 10:44:58,,30
2436940,game_sale,【Steamセール中! 40%OFF】,セフィリア,1020円,https://store.steampowered.com/app/2436940/,Steam Store,2026-08-03 10:44:58,,40
1364780,game_sale,【Steamセール中! 50%OFF】,Street Fighter 6,2495円,https://store.steampowered.com/app/1364780/,Steam Store,2026-08-03 10:44:58,,50
1817190,game_sale,【Steamセール中! 60%OFF】,Marvel’s Spider-Man: Miles Morales,2596円,https://store.steampowered.com/app/1817190/,Steam Store,2026-08-03 10:44:58,,60
3316940,game_sale,【Steamセール中! 25%OFF】,"英雄伝説 界の軌跡 -Farewell, O Zemuria-",4875円,https://store.steampowered.com/app/3316940/,Steam Store,2026-08-03 10:44:58,,25
4412690,game_top_seller,【Steam売上上位！】,Street Fighter 6 - Year 4 アルティメットパス,4600円,https://store.steampowered.com/app/4412690/,Steam Store,2026-08-03 10:44:58,,0
4412680,game_top_seller,【Steam売上上位！】,Street Fighter 6 - Year 4 キャラクターパス,3000円,https://store.steampowered.com/app/4412680/,Steam Store,2026-08-03 10:44:58,,0
2001760,game_top_seller,【Steam売上上位！】,Beast of Reincarnation,7980円,https://store.steampowered.com/app/2001760/,Steam Store,2026-08-03 10:44:58,,0
3934250,game_top_seller,【Steam売上上位！】,ほの暮しの庭,9020円,https://store.steampowered.com/app/3934250/,Steam Store,2026-08-03 10:44:58,,0
54029,game_top_seller,【Steam売上上位！】,プライムステータスアップグレード,2320円,https://store.steampowered.com/app/54029/,Steam Store,2026-08-03 10:44:58,,0
1623730,game_top_seller,【Steam売上上位！】,Palworld / パルワールド,3400円,https://store.steampowered.com/app/1623730/,Steam Store,2026-08-03 10:44:58,,0
3282300,game_top_seller,【Steam売上上位！】,Mistfall Hunter,2835円,https://store.steampowered.com/app/3282300/,Steam Store,2026-08-03 10:44:58,,0
https://www.gizmodo.jp/article/google-introduces-gemini-3-6-to-remind-you-it-has-an-ai-model-too/,gadget_new,【ガジェット新着! (登場)】,Gemini 3.6 Flashは、来るべき「Gemini 4」登場までのつなぎの意味合いが強そう,オープン価格/価格情報なし,https://www.gizmodo.jp/article/google-introduces-gemini-3-6-to-remind-you-it-has-an-ai-model-too/,Gizmodo Japan,2026-08-03 10:44:58,,0
https://www.gizmodo.jp/article/samsung-let-me-touch-its-warby-parker-x-gentle-monster-smart-glasses-but-not-wear-them/,gadget_new,【ガジェット新着! (発売)】,SamsungのジェントルモンスターコラボAIスマートグラス、今秋発売へ,オープン価格/価格情報なし,https://www.gizmodo.jp/article/samsung-let-me-touch-its-warby-parker-x-gentle-monster-smart-glasses-but-not-wear-them/,Gizmodo Japan,2026-08-03 10:44:58,,0
1091500,game_sale,【Steamセール中! 70%OFF】,サイバーパンク2077,2633円,https://store.steampowered.com/app/1091500/,Steam Store,2026-08-04 09:39:43,,70
2651280,game_sale,【Steamセール中! 33%OFF】,Marvel's Spider-Man 2,5085円,https://store.steampowered.com/app/2651280/,Steam Store,2026-08-04 09:39:43,,33
1368140,game_sale,【Steamセール中! 25%OFF】,Corsair Cove コルセア・コーヴ,2985円,https://store.steampowered.com/app/1368140/,Steam Store,2026-08-04 09:39:43,,25
1817070,game_sale,【Steamセール中! 60%OFF】,Marvel’s Spider-Man Remastered,3036円,https://store.steampowered.com/app/1817070/,Steam Store,2026-08-04 09:39:43,,60
1086940,game_sale,【Steamセール中! 30%OFF】,Baldur's Gate 3,5949円,https://store.steampowered.com/app/1086940/,Steam Store,2026-08-04 09:39:43,,30
1817190,game_sale,【Steamセール中! 60%OFF】,Marvel’s Spider-Man: Miles Morales,2596円,https://store.steampowered.com/app/1817190/,Steam Store,2026-08-04 09:39:43,,60
2138330,game_sale,【Steamセール中! 40%OFF】,サイバーパンク2077：仮初めの自由,2585円,https://store.steampowered.com/app/2138330/,Steam Store,2026-08-04 09:39:43,,40
252490,game_sale,【Steamセール中! 50%OFF】,Rust,2300円,https://store.steampowered.com/app/252490/,Steam Store,2026-08-04 09:39:43,,50
2436940,game_sale,【Steamセール中! 40%OFF】,セフィリア,1020円,https://store.steampowered.com/app/2436940/,Steam Store,2026-08-04 09:39:43,,40
4403260,game_sale,【Steamセール中! 10%OFF】,スウォーム・バンカー：機欲防衛線,1349円,https://store.steampowered.com/app/4403260/,Steam Store,2026-08-04 09:39:43,,10
54029,game_top_seller,【Steam売上上位！】,プライムステータスアップグレード,2320円,https://store.steampowered.com/app/54029/,Steam Store,2026-08-04 09:39:43,,0
2001760,game_top_seller,【Steam売上上位！】,Beast of Reincarnation,7980円,https://store.steampowered.com/app/2001760/,Steam Store,2026-08-04 09:39:43,,0
4412690,game_top_seller,【Steam売上上位！】,Street Fighter 6 - Year 4 アルティメットパス,4600円,https://store.steampowered.com/app/4412690/,Steam Store,2026-08-04 09:39:43,,0
4412680,game_top_seller,【Steam売上上位！】,Street Fighter 6 - Year 4 キャラクターパス,3000円,https://store.steampowered.com/app/4412680/,Steam Store,2026-08-04 09:39:43,,0
3934250,game_top_seller,【Steam売上上位！】,ほの暮しの庭,9020円,https://store.steampowered.com/app/3934250/,Steam Store,2026-08-04 09:39:43,,0
1623730,game_top_seller,【Steam売上上位！】,Palworld / パルワールド,3400円,https://store.steampowered.com/app/1623730/,Steam Store,2026-08-04 09:39:43,,0
3282300,game_top_seller,【Steam売上上位！】,Mistfall Hunter,2835円,https://store.steampowered.com/app/3282300/,Steam Store,2026-08-04 09:39:43,,0
4704690,game_top_seller,【Steam売上上位！】,めっちゃカメレオン,790円,https://store.steampowered.com/app/4704690/,Steam Store,2026-08-04 09:39:43,,0
https://www.gizmodo.jp/article/daiso-type-c_rechargeable-battery_review-hru/,gadget_new,【ガジェット新着! (登場)】,USB-C直挿し充電できる単3電池、ダイソーから登場。アウトドアの必需品だ,オープン価格/価格情報なし,https://www.gizmodo.jp/article/daiso-type-c_rechargeable-battery_review-hru/,Gizmodo Japan,2026-08-04 09:39:43,,0
1478500,game_sale,【Steamセール中! 25%OFF】,Big Walk,1725円,https://store.steampowered.com/app/1478500/,Steam Store,2026-08-05 09:38:32,,25
1091500,game_sale,【Steamセール中! 70%OFF】,サイバーパンク2077,2633円,https://store.steampowered.com/app/1091500/,Steam Store,2026-08-05 09:38:32,,70
2651280,game_sale,【Steamセール中! 33%OFF】,Marvel's Spider-Man 2,5085円,https://store.steampowered.com/app/2651280/,Steam Store,2026-08-05 09:38:32,,33
1817070,game_sale,【Steamセール中! 60%OFF】,Marvel’s Spider-Man Remastered,3036円,https://store.steampowered.com/app/1817070/,Steam Store,2026-08-05 09:38:32,,60
1368140,game_sale,【Steamセール中! 25%OFF】,Corsair Cove コルセア・コーヴ,2985円,https://store.steampowered.com/app/1368140/,Steam Store,2026-08-05 09:38:32,,25
1086940,game_sale,【Steamセール中! 30%OFF】,Baldur's Gate 3,5949円,https://store.steampowered.com/app/1086940/,Steam Store,2026-08-05 09:38:32,,30
2436940,game_sale,【Steamセール中! 40%OFF】,セフィリア,1020円,https://store.steampowered.com/app/2436940/,Steam Store,2026-08-05 09:38:32,,40
252490,game_sale,【Steamセール中! 50%OFF】,Rust,2300円,https://store.steampowered.com/app/252490/,Steam Store,2026-08-05 09:38:32,,50
2138330,game_sale,【Steamセール中! 40%OFF】,サイバーパンク2077：仮初めの自由,2585円,https://store.steampowered.com/app/2138330/,Steam Store,2026-08-05 09:38:32,,40
1817190,game_sale,【Steamセール中! 60%OFF】,Marvel’s Spider-Man: Miles Morales,2596円,https://store.steampowered.com/app/1817190/,Steam Store,2026-08-05 09:38:32,,60
2001760,game_top_seller,【Steam売上上位！】,Beast of Reincarnation,7980円,https://store.steampowered.com/app/2001760/,Steam Store,2026-08-05 09:38:32,,0
4126740,game_top_seller,【Steam売上上位！】,スーパーロボット大戦Y - アニバーサリーエキスパンションパック,4400円,https://store.steampowered.com/app/4126740/,Steam Store,2026-08-05 09:38:32,,0
3934250,game_top_seller,【Steam売上上位！】,ほの暮しの庭,9020円,https://store.steampowered.com/app/3934250/,Steam Store,2026-08-05 09:38:32,,0
4412690,game_top_seller,【Steam売上上位！】,Street Fighter 6 - Year 4 アルティメットパス,4600円,https://store.steampowered.com/app/4412690/,Steam Store,2026-08-05 09:38:32,,0
4412680,game_top_seller,【Steam売上上位！】,Street Fighter 6 - Year 4 キャラクターパス,3000円,https://store.steampowered.com/app/4412680/,Steam Store,2026-08-05 09:38:32,,0
1623730,game_top_seller,【Steam売上上位！】,Palworld / パルワールド,3400円,https://store.steampowered.com/app/1623730/,Steam Store,2026-08-05 09:38:32,,0
3507880,game_top_seller,【Steam売上上位！】,ゆるゆる生配信する推しは100万回死ぬ｜My Fav Chill Streamer Dies a Million Times,3150円,https://store.steampowered.com/app/3507880/,Steam Store,2026-08-05 09:38:32,,0
https://www.gizmodo.jp/article/galaxy-z-fold8-already-in-short-supply/,gadget_new,【ガジェット新着! (発売)】,発売前からヒット確定か。新サイズ折りたたみGalaxy Z Fold8がすでに在庫薄,オープン価格/価格情報なし,https://www.gizmodo.jp/article/galaxy-z-fold8-already-in-short-supply/,Gizmodo Japan,2026-08-05 09:38:32,,0
https://www.gizmodo.jp/article/noctua-feinmann-f01-gaming-mouse/,gadget_new,【ガジェット新着! (発売)】,ついに発売ファン内蔵で手のひらが涼しいマウス。2万9400円,9400円,https://www.gizmodo.jp/article/noctua-feinmann-f01-gaming-mouse/,Gizmodo Japan,2026-08-05 09:38:32,,0
2651280,game_sale,【Steamセール中! 33%OFF】,Marvel's Spider-Man 2,5085円,https://store.steampowered.com/app/2651280/,Steam Store,2026-08-06 09:41:22,,33
1478500,game_sale,【Steamセール中! 25%OFF】,Big Walk,1725円,https://store.steampowered.com/app/1478500/,Steam Store,2026-08-06 09:41:22,,25
1817070,game_sale,【Steamセール中! 60%OFF】,Marvel’s Spider-Man Remastered,3036円,https://store.steampowered.com/app/1817070/,Steam Store,2026-08-06 09:41:22,,60
1091500,game_sale,【Steamセール中! 70%OFF】,サイバーパンク2077,2633円,https://store.steampowered.com/app/1091500/,Steam Store,2026-08-06 09:41:22,,70
2142790,game_sale,【Steamセール中! 10%OFF】,Fields of Mistria,1440円,https://store.steampowered.com/app/2142790/,Steam Store,2026-08-06 09:41:22,,10
1817190,game_sale,【Steamセール中! 60%OFF】,Marvel’s Spider-Man: Miles Morales,2596円,https://store.steampowered.com/app/1817190/,Steam Store,2026-08-06 09:41:22,,60
2285550,game_sale,【Steamセール中! 20%OFF】,Doloc Town,1600円,https://store.steampowered.com/app/2285550/,Steam Store,2026-08-06 09:41:22,,20
1368140,game_sale,【Steamセール中! 25%OFF】,Corsair Cove コルセア・コーヴ,2985円,https://store.steampowered.com/app/1368140/,Steam Store,2026-08-06 09:41:22,,25
2138330,game_sale,【Steamセール中! 40%OFF】,サイバーパンク2077：仮初めの自由,2585円,https://store.steampowered.com/app/2138330/,Steam Store,2026-08-06 09:41:22,,40
252490,game_sale,【Steamセール中! 50%OFF】,Rust,2300円,https://store.steampowered.com/app/252490/,Steam Store,2026-08-06 09:41:22,,50
3934250,game_top_seller,【Steam売上上位！】,ほの暮しの庭,9020円,https://store.steampowered.com/app/3934250/,Steam Store,2026-08-06 09:41:22,,0
3787240,game_top_seller,【Steam売上上位！】,MARVEL Tōkon: Fighting Souls,7980円,https://store.steampowered.com/app/3787240/,Steam Store,2026-08-06 09:41:22,,0
4412690,game_top_seller,【Steam売上上位！】,Street Fighter 6 - Year 4 アルティメットパス,4600円,https://store.steampowered.com/app/4412690/,Steam Store,2026-08-06 09:41:22,,0
2001760,game_top_seller,【Steam売上上位！】,Beast of Reincarnation,7980円,https://store.steampowered.com/app/2001760/,Steam Store,2026-08-06 09:41:22,,0
4126740,game_top_seller,【Steam売上上位！】,スーパーロボット大戦Y - アニバーサリーエキスパンションパック,4400円,https://store.steampowered.com/app/4126740/,Steam Store,2026-08-06 09:41:22,,0
4412680,game_top_seller,【Steam売上上位！】,Street Fighter 6 - Year 4 キャラクターパス,3000円,https://store.steampowered.com/app/4412680/,Steam Store,2026-08-06 09:41:22,,0
1623730,game_top_seller,【Steam売上上位！】,Palworld / パルワールド,3400円,https://store.steampowered.com/app/1623730/,Steam Store,2026-08-06 09:41:22,,0
https://www.gizmodo.jp/article/iphone-air-sale-0806/,gadget_sale,【ガジェットセール! (セール)】,【本日セール終了】iPhone Airが最大26%オフ、AmazonがAppleの値上げを無力化していた,オープン価格/価格情報なし,https://www.gizmodo.jp/article/iphone-air-sale-0806/,Gizmodo Japan,2026-08-06 09:41:22,,0
2950790,game_sale,【Steamセール中! 25%OFF】,IRON NEST: Heavy Turret Simulator,1485円,https://store.steampowered.com/app/2950790/,Steam Store,2026-08-07 08:15:48,,25
1478500,game_sale,【Steamセール中! 25%OFF】,Big Walk,1725円,https://store.steampowered.com/app/1478500/,Steam Store,2026-08-07 08:15:48,,25
3812600,game_sale,【Steamセール中! 10%OFF】,リ・ストーリー: 思い出修理屋 ,1799円,https://store.steampowered.com/app/3812600/,Steam Store,2026-08-07 08:15:48,,10
1091500,game_sale,【Steamセール中! 70%OFF】,サイバーパンク2077,2633円,https://store.steampowered.com/app/1091500/,Steam Store,2026-08-07 08:15:48,,70
2142790,game_sale,【Steamセール中! 10%OFF】,Fields of Mistria,1440円,https://store.steampowered.com/app/2142790/,Steam Store,2026-08-07 08:15:48,,10
2285550,game_sale,【Steamセール中! 20%OFF】,Doloc Town,1600円,https://store.steampowered.com/app/2285550/,Steam Store,2026-08-07 08:15:48,,20
1368140,game_sale,【Steamセール中! 25%OFF】,Corsair Cove コルセア・コーヴ,2985円,https://store.steampowered.com/app/1368140/,Steam Store,2026-08-07 08:15:48,,25
460930,game_sale,【Steamセール中! 95%OFF】,Tom Clancy's Ghost Recon® Wildlands,330円,https://store.steampowered.com/app/460930/,Steam Store,2026-08-07 08:15:48,,95
252490,game_sale,【Steamセール中! 50%OFF】,Rust,2300円,https://store.steampowered.com/app/252490/,Steam Store,2026-08-07 08:15:48,,50
2138330,game_sale,【Steamセール中! 40%OFF】,サイバーパンク2077：仮初めの自由,2585円,https://store.steampowered.com/app/2138330/,Steam Store,2026-08-07 08:15:48,,40
3787240,game_top_seller,【Steam売上上位！】,MARVEL Tōkon: Fighting Souls,7980円,https://store.steampowered.com/app/3787240/,Steam Store,2026-08-07 08:15:48,,0
4611990,game_top_seller,【Steam売上上位！】,日本事故物件監視協会3 -Japan Stigmatized Property-,880円,https://store.steampowered.com/app/4611990/,Steam Store,2026-08-07 08:15:48,,0
3934250,game_top_seller,【Steam売上上位！】,ほの暮しの庭,9020円,https://store.steampowered.com/app/3934250/,Steam Store,2026-08-07 08:15:48,,0
83755,game_top_seller,【Steam売上上位！】,JSP1～3 Complete Pack,2160円,https://store.steampowered.com/app/83755/,Steam Store,2026-08-07 08:15:48,,0
4412690,game_top_seller,【Steam売上上位！】,Street Fighter 6 - Year 4 アルティメットパス,4600円,https://store.steampowered.com/app/4412690/,Steam Store,2026-08-07 08:15:48,,0
1623730,game_top_seller,【Steam売上上位！】,Palworld / パルワールド,3400円,https://store.steampowered.com/app/1623730/,Steam Store,2026-08-07 08:15:48,,0
4412680,game_top_seller,【Steam売上上位！】,Street Fighter 6 - Year 4 キャラクターパス,3000円,https://store.steampowered.com/app/4412680/,Steam Store,2026-08-07 08:15:48,,0
1478500,game_sale,【Steamセール中! 25%OFF】,Big Walk,1725円,https://store.steampowered.com/app/1478500/,Steam Store,2026-08-08 07:51:11,2300,25
2950790,game_sale,【Steamセール中! 25%OFF】,IRON NEST: Heavy Turret Simulator,1485円,https://store.steampowered.com/app/2950790/,Steam Store,2026-08-08 07:51:11,1980,25
1091500,game_sale,【Steamセール中! 70%OFF】,サイバーパンク2077,2633円,https://store.steampowered.com/app/1091500/,Steam Store,2026-08-08 07:51:11,8778,70
3812600,game_sale,【Steamセール中! 10%OFF】,リ・ストーリー: 思い出修理屋 ,1799円,https://store.steampowered.com/app/3812600/,Steam Store,2026-08-08 07:51:11,1999,10
252490,game_sale,【Steamセール中! 50%OFF】,Rust,2300円,https://store.steampowered.com/app/252490/,Steam Store,2026-08-08 07:51:11,4600,50
2142790,game_sale,【Steamセール中! 10%OFF】,Fields of Mistria,1440円,https://store.steampowered.com/app/2142790/,Steam Store,2026-08-08 07:51:11,1600,10
1368140,game_sale,【Steamセール中! 25%OFF】,Corsair Cove コルセア・コーヴ,2985円,https://store.steampowered.com/app/1368140/,Steam Store,2026-08-08 07:51:11,3980,25
2138330,game_sale,【Steamセール中! 40%OFF】,サイバーパンク2077：仮初めの自由,2585円,https://store.steampowered.com/app/2138330/,Steam Store,2026-08-08 07:51:11,4309,40
460930,game_sale,【Steamセール中! 95%OFF】,Tom Clancy's Ghost Recon® Wildlands,330円,https://store.steampowered.com/app/460930/,Steam Store,2026-08-08 07:51:11,6600,95
4450620,game_sale,【Steamセール中! 10%OFF】,GRAIN ROT,1035円,https://store.steampowered.com/app/4450620/,Steam Store,2026-08-08 07:51:11,1150,10
3934250,game_top_seller,【Steam売上上位！】,ほの暮しの庭,9020円,https://store.steampowered.com/app/3934250/,Steam Store,2026-08-08 07:51:11,9020,0
3787240,game_top_seller,【Steam売上上位！】,MARVEL Tōkon: Fighting Souls,7980円,https://store.steampowered.com/app/3787240/,Steam Store,2026-08-08 07:51:11,7980,0
1623730,game_top_seller,【Steam売上上位！】,Palworld / パルワールド,3400円,https://store.steampowered.com/app/1623730/,Steam Store,2026-08-08 07:51:11,3400,0
2001760,game_top_seller,【Steam売上上位！】,Beast of Reincarnation,7980円,https://store.steampowered.com/app/2001760/,Steam Store,2026-08-08 07:51:11,7980,0
4412690,game_top_seller,【Steam売上上位！】,Street Fighter 6 - Year 4 アルティメットパス,4600円,https://store.steampowered.com/app/4412690/,Steam Store,2026-08-08 07:51:11,4600,0
4412680,game_top_seller,【Steam売上上位！】,Street Fighter 6 - Year 4 キャラクターパス,3000円,https://store.steampowered.com/app/4412680/,Steam Store,2026-08-08 07:51:11,3000,0
4611990,game_top_seller,【Steam売上上位！】,日本事故物件監視協会3 -Japan Stigmatized Property-,880円,https://store.steampowered.com/app/4611990/,Steam Store,2026-08-08 07:51:11,880,0
https://pc.watch.impress.co.jp/docs/news/todays_sales/2131751.html,gadget_sale,【ガジェットセール! (割引)】,【本日みつけたお買い得品】ロジクールの高級マウス「MX MASTER 4」が最安値！Amazonで3千円弱の割引,"16,980円",https://pc.watch.impress.co.jp/docs/news/todays_sales/2131751.html,PC Watch,2026-08-08 07:51:11,,0
https://pc.watch.impress.co.jp/docs/news/todays_sales/2131749.html,gadget_sale,【ガジェットセール! (割引)】,"【本日みつけたお買い得品】ロジクールの高級トラックボールが3,320円オフ！定番モデルも5,280円に割引中","14,480円",https://pc.watch.impress.co.jp/docs/news/todays_sales/2131749.html,PC Watch,2026-08-08 07:51:11,,0
https://pc.watch.impress.co.jp/docs/topic/readitnow/2131748.html,gadget_new,【ガジェット新着! (レビュー)】,【今すぐ読みたい！人気記事】ついに不満解消？Windows 11プレビュー版でタスクバーの配置変更を徹底検証 - PC Watch,価格は記事を参照,https://pc.watch.impress.co.jp/docs/topic/readitnow/2131748.html,PC Watch,2026-08-08 07:51:11,,0
https://pc.watch.impress.co.jp/docs/news/2131574.html,gadget_new,【ガジェット新着! (発売)】,"マウスがTGS 2026出展！RTX 5070 Ti搭載の記念PCを49万9,800円で発売 ","499,800円",https://pc.watch.impress.co.jp/docs/news/2131574.html,PC Watch,2026-08-08 07:51:11,,0
1478500,game_sale,【Steamセール中! 25%OFF】,Big Walk,1725円,https://store.steampowered.com/app/1478500/,Steam Store,2026-08-09 07:54:44,2300,25
1091500,game_sale,【Steamセール中! 70%OFF】,サイバーパンク2077,2633円,https://store.steampowered.com/app/1091500/,Steam Store,2026-08-09 07:54:44,8778,70
2950790,game_sale,【Steamセール中! 25%OFF】,IRON NEST: Heavy Turret Simulator,1485円,https://store.steampowered.com/app/2950790/,Steam Store,2026-08-09 07:54:44,1980,25
3812600,game_sale,【Steamセール中! 10%OFF】,リ・ストーリー: 思い出修理屋 ,1799円,https://store.steampowered.com/app/3812600/,Steam Store,2026-08-09 07:54:44,1999,10
1368140,game_sale,【Steamセール中! 25%OFF】,Corsair Cove コルセア・コーヴ,2985円,https://store.steampowered.com/app/1368140/,Steam Store,2026-08-09 07:54:44,3980,25
252490,game_sale,【Steamセール中! 50%OFF】,Rust,2300円,https://store.steampowered.com/app/252490/,Steam Store,2026-08-09 07:54:44,4600,50
2142790,game_sale,【Steamセール中! 10%OFF】,Fields of Mistria,1440円,https://store.steampowered.com/app/2142790/,Steam Store,2026-08-09 07:54:44,1600,10
2138330,game_sale,【Steamセール中! 40%OFF】,サイバーパンク2077：仮初めの自由,2585円,https://store.steampowered.com/app/2138330/,Steam Store,2026-08-09 07:54:44,4309,40
4108000,game_sale,【Steamセール中! 15%OFF】,Machine Party,807円,https://store.steampowered.com/app/4108000/,Steam Store,2026-08-09 07:54:44,950,15
4450620,game_sale,【Steamセール中! 10%OFF】,GRAIN ROT,1035円,https://store.steampowered.com/app/4450620/,Steam Store,2026-08-09 07:54:44,1150,10
3934250,game_top_seller,【Steam売上上位！】,ほの暮しの庭,9020円,https://store.steampowered.com/app/3934250/,Steam Store,2026-08-09 07:54:44,9020,0
3787240,game_top_seller,【Steam売上上位！】,MARVEL Tōkon: Fighting Souls,7980円,https://store.steampowered.com/app/3787240/,Steam Store,2026-08-09 07:54:44,7980,0
1623730,game_top_seller,【Steam売上上位！】,Palworld / パルワールド,3400円,https://store.steampowered.com/app/1623730/,Steam Store,2026-08-09 07:54:44,3400,0
2001760,game_top_seller,【Steam売上上位！】,Beast of Reincarnation,7980円,https://store.steampowered.com/app/2001760/,Steam Store,2026-08-09 07:54:44,7980,0
78920,game_top_seller,【Steam売上上位！】,Big Walk and PEAK	,1948円,https://store.steampowered.com/app/78920/,Steam Store,2026-08-09 07:54:44,3180,32
3282300,game_top_seller,【Steam売上上位！】,Mistfall Hunter,2835円,https://store.steampowered.com/app/3282300/,Steam Store,2026-08-09 07:54:44,3150,10
4412690,game_top_seller,【Steam売上上位！】,Street Fighter 6 - Year 4 アルティメットパス,4600円,https://store.steampowered.com/app/4412690/,Steam Store,2026-08-09 07:54:44,4600,0
4704690,game_top_seller,【Steam売上上位！】,めっちゃカメレオン,790円,https://store.steampowered.com/app/4704690/,Steam Store,2026-08-09 07:54:44,790,0
3932890,game_top_seller,【Steam売上上位！】,Escape from Tarkov,7500円,https://store.steampowered.com/app/3932890/,Steam Store,2026-08-09 07:54:44,7500,0
https://www.gizmodo.jp/article/insta360-luna-ultra-review-this-is-the-only-gimbal-camera-you-need/,gadget_new,【ガジェット新着! (レビュー)】,ライカ共同開発の2眼ジンバルカメラ「Insta360 Luna Ultra」レビュー,価格は記事を参照,https://www.gizmodo.jp/article/insta360-luna-ultra-review-this-is-the-only-gimbal-camera-you-need/,Gizmodo Japan,2026-08-09 07:54:44,,0
https://pc.watch.impress.co.jp/docs/news/todays_sales/2131751.html,gadget_sale,【ガジェットセール! (割引)】,【本日みつけたお買い得品】ロジクールの高級マウス「MX MASTER 4」が最安値！Amazonで3千円弱の割引,"16,980円",https://pc.watch.impress.co.jp/docs/news/todays_sales/2131751.html,PC Watch,2026-08-09 07:54:44,,0
https://pc.watch.impress.co.jp/docs/news/todays_sales/2131749.html,gadget_sale,【ガジェットセール! (割引)】,"【本日みつけたお買い得品】ロジクールの高級トラックボールが3,320円オフ！定番モデルも5,280円に割引中","14,480円",https://pc.watch.impress.co.jp/docs/news/todays_sales/2131749.html,PC Watch,2026-08-09 07:54:44,,0
https://pc.watch.impress.co.jp/docs/topic/readitnow/2131748.html,gadget_new,【ガジェット新着! (レビュー)】,【今すぐ読みたい！人気記事】ついに不満解消？Windows 11プレビュー版でタスクバーの配置変更を徹底検証 - PC Watch,価格は記事を参照,https://pc.watch.impress.co.jp/docs/topic/readitnow/2131748.html,PC Watch,2026-08-09 07:54:44,,0
https://pc.watch.impress.co.jp/docs/news/2131574.html,gadget_new,【ガジェット新着! (発売)】,"マウスがTGS 2026出展！RTX 5070 Ti搭載の記念PCを49万9,800円で発売 ","499,800円",https://pc.watch.impress.co.jp/docs/news/2131574.html,PC Watch,2026-08-09 07:54:44,,0
1091500,game_sale,【Steamセール中! 70%OFF】,サイバーパンク2077,2633円,https://store.steampowered.com/app/1091500/,Steam Store,2026-08-10 08:40:28,8778,70
1478500,game_sale,【Steamセール中! 25%OFF】,Big Walk,1725円,https://store.steampowered.com/app/1478500/,Steam Store,2026-08-10 08:40:28,2300,25
2138330,game_sale,【Steamセール中! 40%OFF】,サイバーパンク2077：仮初めの自由,2585円,https://store.steampowered.com/app/2138330/,Steam Store,2026-08-10 08:40:28,4309,40
2950790,game_sale,【Steamセール中! 25%OFF】,IRON NEST: Heavy Turret Simulator,1485円,https://store.steampowered.com/app/2950790/,Steam Store,2026-08-10 08:40:28,1980,25
252490,game_sale,【Steamセール中! 50%OFF】,Rust,2300円,https://store.steampowered.com/app/252490/,Steam Store,2026-08-10 08:40:28,4600,50
3812600,game_sale,【Steamセール中! 10%OFF】,リ・ストーリー: 思い出修理屋 ,1799円,https://store.steampowered.com/app/3812600/,Steam Store,2026-08-10 08:40:28,1999,10
2436940,game_sale,【Steamセール中! 40%OFF】,セフィリア,1020円,https://store.steampowered.com/app/2436940/,Steam Store,2026-08-10 08:40:28,1700,40
1368140,game_sale,【Steamセール中! 25%OFF】,Corsair Cove コルセア・コーヴ,2985円,https://store.steampowered.com/app/1368140/,Steam Store,2026-08-10 08:40:28,3980,25
2142790,game_sale,【Steamセール中! 10%OFF】,Fields of Mistria,1440円,https://store.steampowered.com/app/2142790/,Steam Store,2026-08-10 08:40:28,1600,10
4108000,game_sale,【Steamセール中! 15%OFF】,Machine Party,807円,https://store.steampowered.com/app/4108000/,Steam Store,2026-08-10 08:40:28,950,15
3934250,game_top_seller,【Steam売上上位！】,ほの暮しの庭,9020円,https://store.steampowered.com/app/3934250/,Steam Store,2026-08-10 08:40:28,9020,0
54029,game_top_seller,【Steam売上上位！】,プライムステータスアップグレード,2320円,https://store.steampowered.com/app/54029/,Steam Store,2026-08-10 08:40:28,2320,0
1623730,game_top_seller,【Steam売上上位！】,Palworld / パルワールド,3400円,https://store.steampowered.com/app/1623730/,Steam Store,2026-08-10 08:40:28,3400,0
3932890,game_top_seller,【Steam売上上位！】,Escape from Tarkov,7500円,https://store.steampowered.com/app/3932890/,Steam Store,2026-08-10 08:40:28,7500,0
3787240,game_top_seller,【Steam売上上位！】,MARVEL Tōkon: Fighting Souls,7980円,https://store.steampowered.com/app/3787240/,Steam Store,2026-08-10 08:40:28,7980,0
32470,game_top_seller,【Steam売上上位！】,サイバーパンク2077 アルティメットエディション,4800円,https://store.steampowered.com/app/32470/,Steam Store,2026-08-10 08:40:28,13087,60
4704690,game_top_seller,【Steam売上上位！】,めっちゃカメレオン,790円,https://store.steampowered.com/app/4704690/,Steam Store,2026-08-10 08:40:28,790,0
74190,game_top_seller,【Steam売上上位！】,Escape from Tarkov - The Unheard Steam Edition,28000円,https://store.steampowered.com/app/74190/,Steam Store,2026-08-10 08:40:28,28000,0
https://pc.watch.impress.co.jp/docs/news/todays_sales/2131841.html,gadget_sale,【ガジェットセール! (特価)】,"【本日みつけたお買い得品】Wi-Fi 7ルーターが7,485円の激安特価で販売中。数量限定だぞ急げ！","7,485円",https://pc.watch.impress.co.jp/docs/news/todays_sales/2131841.html,PC Watch,2026-08-10 08:40:28,,0
https://pc.watch.impress.co.jp/docs/news/2131824.html,gadget_new,【ガジェット新着! (レビュー)】,VAIO、PCカメラとAIで最短3秒の健康測定サービス。先行プレビュー版提供開始 ,価格は記事を参照,https://pc.watch.impress.co.jp/docs/news/2131824.html,PC Watch,2026-08-10 08:40:28,,0
https://pc.watch.impress.co.jp/docs/news/2131810.html,gadget_sale,【ガジェットセール! (セール)】,"整備済みVAIO SX14が8万1,000円！8月10日の「VAIOの日」記念セール ","81,000円",https://pc.watch.impress.co.jp/docs/news/2131810.html,PC Watch,2026-08-10 08:40:28,,0
https://pc.watch.impress.co.jp/docs/news/todays_sales/2131823.html,gadget_sale,【ガジェットセール! (セール)】,【本日みつけたお買い得品】約8万8千円オフ！Core Ultra X7搭載ノートが特大セールに,"299,800円",https://pc.watch.impress.co.jp/docs/news/todays_sales/2131823.html,PC Watch,2026-08-10 08:40:28,,0
https://pc.watch.impress.co.jp/docs/news/todays_sales/2131751.html,gadget_sale,【ガジェットセール! (割引)】,【本日みつけたお買い得品】ロジクールの高級マウス「MX MASTER 4」が最安値！Amazonで3千円弱の割引,"16,980円",https://pc.watch.impress.co.jp/docs/news/todays_sales/2131751.html,PC Watch,2026-08-10 08:40:28,,0
1478500,game_sale,【Steamセール中! 25%OFF】,Big Walk,1725円,https://store.steampowered.com/app/1478500/,Steam Store,2026-08-11 08:10:12,2300,25
2161700,game_sale,【Steamセール中! 65%OFF】,ペルソナ３ リロード,2687円,https://store.steampowered.com/app/2161700/,Steam Store,2026-08-11 08:10:12,7678,65
1687950,game_sale,【Steamセール中! 70%OFF】,ペルソナ５ ザ・ロイヤル,2303円,https://store.steampowered.com/app/1687950/,Steam Store,2026-08-11 08:10:12,7678,70
252490,game_sale,【Steamセール中! 50%OFF】,Rust,2300円,https://store.steampowered.com/app/252490/,Steam Store,2026-08-11 08:10:12,4600,50
2950790,game_sale,【Steamセール中! 25%OFF】,IRON NEST: Heavy Turret Simulator,1485円,https://store.steampowered.com/app/2950790/,Steam Store,2026-08-11 08:10:12,1980,25
1222140,game_sale,【Steamセール中! 80%OFF】,Detroit: Become Human,900円,https://store.steampowered.com/app/1222140/,Steam Store,2026-08-11 08:10:12,4500,80
2679460,game_sale,【Steamセール中! 60%OFF】,メタファー：リファンタジオ,3951円,https://store.steampowered.com/app/2679460/,Steam Store,2026-08-11 08:10:12,9878,60
699130,game_sale,【Steamセール中! 75%OFF】,World War Z,1074円,https://store.steampowered.com/app/699130/,Steam Store,2026-08-11 08:10:12,4299,75
3812600,game_sale,【Steamセール中! 10%OFF】,リ・ストーリー: 思い出修理屋 ,1799円,https://store.steampowered.com/app/3812600/,Steam Store,2026-08-11 08:10:12,1999,10
1368140,game_sale,【Steamセール中! 25%OFF】,Corsair Cove コルセア・コーヴ,2985円,https://store.steampowered.com/app/1368140/,Steam Store,2026-08-11 08:10:12,3980,25
3934250,game_top_seller,【Steam売上上位！】,ほの暮しの庭,9020円,https://store.steampowered.com/app/3934250/,Steam Store,2026-08-11 08:10:12,9020,0
3787240,game_top_seller,【Steam売上上位！】,MARVEL Tōkon: Fighting Souls,7980円,https://store.steampowered.com/app/3787240/,Steam Store,2026-08-11 08:10:12,7980,0
1623730,game_top_seller,【Steam売上上位！】,Palworld / パルワールド,3400円,https://store.steampowered.com/app/1623730/,Steam Store,2026-08-11 08:10:12,3400,0
3932890,game_top_seller,【Steam売上上位！】,Escape from Tarkov,7500円,https://store.steampowered.com/app/3932890/,Steam Store,2026-08-11 08:10:12,7500,0
74190,game_top_seller,【Steam売上上位！】,Escape from Tarkov - The Unheard Steam Edition,28000円,https://store.steampowered.com/app/74190/,Steam Store,2026-08-11 08:10:12,28000,0
78920,game_top_seller,【Steam売上上位！】,Big Walk and PEAK	,1948円,https://store.steampowered.com/app/78920/,Steam Store,2026-08-11 08:10:12,3180,32
4704690,game_top_seller,【Steam売上上位！】,めっちゃカメレオン,790円,https://store.steampowered.com/app/4704690/,Steam Store,2026-08-11 08:10:12,790,0
https://www.gizmodo.jp/article/ios-27-beta-siri-ai-first-impression/,gadget_new,【ガジェット新着! (登場)】,iOS 27で登場するSiri AI、一足先に触ってきました,価格は記事を参照,https://www.gizmodo.jp/article/ios-27-beta-siri-ai-first-impression/,Gizmodo Japan,2026-08-11 08:10:12,,0
1478500,game_sale,【Steamセール中! 25%OFF】,Big Walk,1725円,https://store.steampowered.com/app/1478500/,Steam Store,2026-08-12 08:19:17,2300,25
2358720,game_sale,【Steamセール中! 30%OFF】,黒神話：悟空,5313円,https://store.steampowered.com/app/2358720/,Steam Store,2026-08-12 08:19:17,7590,30
2950790,game_sale,【Steamセール中! 25%OFF】,IRON NEST: Heavy Turret Simulator,1485円,https://store.steampowered.com/app/2950790/,Steam Store,2026-08-12 08:19:17,1980,25
252490,game_sale,【Steamセール中! 50%OFF】,Rust,2300円,https://store.steampowered.com/app/252490/,Steam Store,2026-08-12 08:19:17,4600,50
2161700,game_sale,【Steamセール中! 65%OFF】,ペルソナ３ リロード,2687円,https://store.steampowered.com/app/2161700/,Steam Store,2026-08-12 08:19:17,7678,65
1687950,game_sale,【Steamセール中! 70%OFF】,ペルソナ５ ザ・ロイヤル,2303円,https://store.steampowered.com/app/1687950/,Steam Store,2026-08-12 08:19:17,7678,70
4108000,game_sale,【Steamセール中! 15%OFF】,Machine Party,807円,https://store.steampowered.com/app/4108000/,Steam Store,2026-08-12 08:19:17,950,15
2679460,game_sale,【Steamセール中! 60%OFF】,メタファー：リファンタジオ,3951円,https://store.steampowered.com/app/2679460/,Steam Store,2026-08-12 08:19:17,9878,60
3226060,game_sale,【Steamセール中! 10%OFF】,響き、夢境に,1440円,https://store.steampowered.com/app/3226060/,Steam Store,2026-08-12 08:19:17,1600,10
699130,game_sale,【Steamセール中! 75%OFF】,World War Z,1074円,https://store.steampowered.com/app/699130/,Steam Store,2026-08-12 08:19:17,4299,75
3934250,game_top_seller,【Steam売上上位！】,ほの暮しの庭,9020円,https://store.steampowered.com/app/3934250/,Steam Store,2026-08-12 08:19:17,9020,0
4815780,game_top_seller,【Steam売上上位！】,「オーバーウォッチ」スターターパック2026：シーズン4,1490円,https://store.steampowered.com/app/4815780/,Steam Store,2026-08-12 08:19:17,1490,0
4815770,game_top_seller,【Steam売上上位！】,「オーバーウォッチ」アルティメット・バトルパス・バンドル2026：シーズン4,5990円,https://store.steampowered.com/app/4815770/,Steam Store,2026-08-12 08:19:17,5990,0
1623730,game_top_seller,【Steam売上上位！】,Palworld / パルワールド,3400円,https://store.steampowered.com/app/1623730/,Steam Store,2026-08-12 08:19:17,3400,0
3932890,game_top_seller,【Steam売上上位！】,Escape from Tarkov,7500円,https://store.steampowered.com/app/3932890/,Steam Store,2026-08-12 08:19:17,7500,0
3787240,game_top_seller,【Steam売上上位！】,MARVEL Tōkon: Fighting Souls,7980円,https://store.steampowered.com/app/3787240/,Steam Store,2026-08-12 08:19:17,7980,0
74190,game_top_seller,【Steam売上上位！】,Escape from Tarkov - The Unheard Steam Edition,28000円,https://store.steampowered.com/app/74190/,Steam Store,2026-08-12 08:19:17,28000,0
4815790,game_top_seller,【Steam売上上位！】,「オーバーウォッチ」ソジョーン用ミシック武器スキン・バンドル（コンプリート仕様）,5990円,https://store.steampowered.com/app/4815790/,Steam Store,2026-08-12 08:19:17,5990,0
2291060,game_top_seller,【Steam売上上位！】,地球防衛軍６,3951円,https://store.steampowered.com/app/2291060/,Steam Store,2026-08-12 08:19:17,8980,56
https://www.gizmodo.jp/article/motorola-moto-pad-70-groove/,gadget_new,【ガジェット新着! (発売)】,本格的なJBLスピーカーを搭載したタブレットがモトローラから。日本でも発売して！,価格は記事を参照,https://www.gizmodo.jp/article/motorola-moto-pad-70-groove/,Gizmodo Japan,2026-08-12 08:19:17,,0
https://pc.watch.impress.co.jp/docs/news/2132267.html,gadget_new,【ガジェット新着! (登場)】,リング際でも見やすいバトルロイヤルFPS向けゲーミングモニター、ベンキューから登場 ,"164,800円",https://pc.watch.impress.co.jp/docs/news/2132267.html,PC Watch,2026-08-12 08:19:17,,0
https://pc.watch.impress.co.jp/docs/news/2132187.html,gadget_new,【ガジェット新着! (登場)】,世界初、解像度/リフレッシュレートを3段階で変えられるゲーミングモニター。Philipsから登場 ,価格は記事を参照,https://pc.watch.impress.co.jp/docs/news/2132187.html,PC Watch,2026-08-12 08:19:17,,0
1478500,game_sale,【Steamセール中! 25%OFF】,Big Walk,1725円,https://store.steampowered.com/app/1478500/,Steam Store,2026-08-13 08:22:47,2300,25
2358720,game_sale,【Steamセール中! 30%OFF】,黒神話：悟空,5313円,https://store.steampowered.com/app/2358720/,Steam Store,2026-08-13 08:22:47,7590,30
4108000,game_sale,【Steamセール中! 15%OFF】,Machine Party,807円,https://store.steampowered.com/app/4108000/,Steam Store,2026-08-13 08:22:47,950,15
2552430,game_sale,【Steamセール中! 70%OFF】,KINGDOM HEARTS -HD 1.5+2.5 ReMIX-,2244円,https://store.steampowered.com/app/2552430/,Steam Store,2026-08-13 08:22:47,7480,70
2161700,game_sale,【Steamセール中! 65%OFF】,ペルソナ３ リロード,2687円,https://store.steampowered.com/app/2161700/,Steam Store,2026-08-13 08:22:47,7678,65
2950790,game_sale,【Steamセール中! 25%OFF】,IRON NEST: Heavy Turret Simulator,1485円,https://store.steampowered.com/app/2950790/,Steam Store,2026-08-13 08:22:47,1980,25
2679460,game_sale,【Steamセール中! 60%OFF】,メタファー：リファンタジオ,3951円,https://store.steampowered.com/app/2679460/,Steam Store,2026-08-13 08:22:47,9878,60
3527290,game_sale,【Steamセール中! 50%OFF】,PEAK,440円,https://store.steampowered.com/app/3527290/,Steam Store,2026-08-13 08:22:47,880,50
1687950,game_sale,【Steamセール中! 70%OFF】,ペルソナ５ ザ・ロイヤル,2303円,https://store.steampowered.com/app/1687950/,Steam Store,2026-08-13 08:22:47,7678,70
3226060,game_sale,【Steamセール中! 10%OFF】,響き、夢境に,1440円,https://store.steampowered.com/app/3226060/,Steam Store,2026-08-13 08:22:47,1600,10
3934250,game_top_seller,【Steam売上上位！】,ほの暮しの庭,9020円,https://store.steampowered.com/app/3934250/,Steam Store,2026-08-13 08:22:47,9020,0
3932890,game_top_seller,【Steam売上上位！】,Escape from Tarkov,7500円,https://store.steampowered.com/app/3932890/,Steam Store,2026-08-13 08:22:47,7500,0
1623730,game_top_seller,【Steam売上上位！】,Palworld / パルワールド,3400円,https://store.steampowered.com/app/1623730/,Steam Store,2026-08-13 08:22:47,3400,0
4815780,game_top_seller,【Steam売上上位！】,「オーバーウォッチ」スターターパック2026：シーズン4,1490円,https://store.steampowered.com/app/4815780/,Steam Store,2026-08-13 08:22:47,1490,0
74190,game_top_seller,【Steam売上上位！】,Escape from Tarkov - The Unheard Steam Edition,28000円,https://store.steampowered.com/app/74190/,Steam Store,2026-08-13 08:22:47,28000,0
4704690,game_top_seller,【Steam売上上位！】,めっちゃカメレオン,790円,https://store.steampowered.com/app/4704690/,Steam Store,2026-08-13 08:22:47,790,0
3787240,game_top_seller,【Steam売上上位！】,MARVEL Tōkon: Fighting Souls,7980円,https://store.steampowered.com/app/3787240/,Steam Store,2026-08-13 08:22:47,7980,0
4815770,game_top_seller,【Steam売上上位！】,「オーバーウォッチ」アルティメット・バトルパス・バンドル2026：シーズン4,5990円,https://store.steampowered.com/app/4815770/,Steam Store,2026-08-13 08:22:47,5990,0
1202520,game_top_seller,【Steam売上上位！】,Fallout 1st,1430円,https://store.steampowered.com/app/1202520/,Steam Store,2026-08-13 08:22:47,1430,0
https://www.gizmodo.jp/article/evangelion-osechi/,gadget_new,【ガジェット新着! (登場)】,ロンギヌスの槍で伊達巻きを。デアゴスティーニから『エヴァ』おせち登場,"23,650円",https://www.gizmodo.jp/article/evangelion-osechi/,Gizmodo Japan,2026-08-13 08:22:47,,0
https://www.gizmodo.jp/article/hand-made-orca-echo/,gadget_new,【ガジェット新着! (発売)】,「Keychron Orca echo」発売まで待てないので、自分で左右分割キーボード作ってみた,価格は記事を参照,https://www.gizmodo.jp/article/hand-made-orca-echo/,Gizmodo Japan,2026-08-13 08:22:47,,0
https://pc.watch.impress.co.jp/docs/news/2132526.html,gadget_new,【ガジェット新着! (登場)】,もう新版!? わずか1カ月半で「Grok 4.6」が登場、自律動作が劇的進化 ,価格は記事を参照,https://pc.watch.impress.co.jp/docs/news/2132526.html,PC Watch,2026-08-13 08:22:47,,0
https://pc.watch.impress.co.jp/docs/news/todays_sales/2132456.html,gadget_sale,【ガジェットセール! (値引き)】,【本日みつけたお買い得品】6万円オフはデカい！ASUSのGeForce RTX 5070ゲーミングノートが大幅値引き,"349,800円",https://pc.watch.impress.co.jp/docs/news/todays_sales/2132456.html,PC Watch,2026-08-13 08:22:47,,0
https://pc.watch.impress.co.jp/docs/topic/feature/2132432.html,gadget_new,【ガジェット新着! (登場)】,Googleの新型スマホ「Pixel 11」シリーズ登場。iPhoneとスペック比較,"136,800円",https://pc.watch.impress.co.jp/docs/topic/feature/2132432.html,PC Watch,2026-08-13 08:22:47,,0
2764460,game_sale,【Steamセール中! 35%OFF】,Sandustry サンダストリー,962円,https://store.steampowered.com/app/2764460/,Steam Store,2026-08-14 08:17:44,1480,35
1478500,game_sale,【Steamセール中! 25%OFF】,Big Walk,1725円,https://store.steampowered.com/app/1478500/,Steam Store,2026-08-14 08:17:44,2300,25
2358720,game_sale,【Steamセール中! 30%OFF】,黒神話：悟空,5313円,https://store.steampowered.com/app/2358720/,Steam Store,2026-08-14 08:17:44,7590,30
2552430,game_sale,【Steamセール中! 70%OFF】,KINGDOM HEARTS -HD 1.5+2.5 ReMIX-,2244円,https://store.steampowered.com/app/2552430/,Steam Store,2026-08-14 08:17:44,7480,70
2161700,game_sale,【Steamセール中! 65%OFF】,ペルソナ３ リロード,2687円,https://store.steampowered.com/app/2161700/,Steam Store,2026-08-14 08:17:44,7678,65
1687950,game_sale,【Steamセール中! 70%OFF】,ペルソナ５ ザ・ロイヤル,2303円,https://store.steampowered.com/app/1687950/,Steam Store,2026-08-14 08:17:44,7678,70
3636770,game_sale,【Steamセール中! 25%OFF】,Servant of the Lake,787円,https://store.steampowered.com/app/3636770/,Steam Store,2026-08-14 08:17:44,1050,25
3527290,game_sale,【Steamセール中! 50%OFF】,PEAK,440円,https://store.steampowered.com/app/3527290/,Steam Store,2026-08-14 08:17:44,880,50
2950790,game_sale,【Steamセール中! 25%OFF】,IRON NEST: Heavy Turret Simulator,1485円,https://store.steampowered.com/app/2950790/,Steam Store,2026-08-14 08:17:44,1980,25
3812600,game_sale,【Steamセール中! 10%OFF】,リ・ストーリー: 思い出修理屋 ,1799円,https://store.steampowered.com/app/3812600/,Steam Store,2026-08-14 08:17:44,1999,10
3934250,game_top_seller,【Steam売上上位！】,ほの暮しの庭,9020円,https://store.steampowered.com/app/3934250/,Steam Store,2026-08-14 08:17:44,9020,0
3932890,game_top_seller,【Steam売上上位！】,Escape from Tarkov,7500円,https://store.steampowered.com/app/3932890/,Steam Store,2026-08-14 08:17:44,7500,0
74190,game_top_seller,【Steam売上上位！】,Escape from Tarkov - The Unheard Steam Edition,28000円,https://store.steampowered.com/app/74190/,Steam Store,2026-08-14 08:17:44,28000,0
1623730,game_top_seller,【Steam売上上位！】,Palworld / パルワールド,3400円,https://store.steampowered.com/app/1623730/,Steam Store,2026-08-14 08:17:44,3400,0
3787240,game_top_seller,【Steam売上上位！】,MARVEL Tōkon: Fighting Souls,7980円,https://store.steampowered.com/app/3787240/,Steam Store,2026-08-14 08:17:44,7980,0
4704690,game_top_seller,【Steam売上上位！】,めっちゃカメレオン,790円,https://store.steampowered.com/app/4704690/,Steam Store,2026-08-14 08:17:44,790,0
4108000,game_top_seller,【Steam売上上位！】,Machine Party,950円,https://store.steampowered.com/app/4108000/,Steam Store,2026-08-14 08:17:44,950,0
78920,game_top_seller,【Steam売上上位！】,Big Walk and PEAK	,1948円,https://store.steampowered.com/app/78920/,Steam Store,2026-08-14 08:17:44,3180,32
https://www.gizmodo.jp/article/pixel-11-camera/,gadget_new,【ガジェット新着! (登場)】,Google Pixel 11シリーズ登場。カメラの進化ポイントまとめました,価格は記事を参照,https://www.gizmodo.jp/article/pixel-11-camera/,Gizmodo Japan,2026-08-14 08:17:44,,0
https://pc.watch.impress.co.jp/docs/news/todays_sales/2132745.html,gadget_sale,【ガジェットセール! (セール)】,【本日みつけたお買い得品】600mlブラックコーヒー24本入りが約400円引きでセール中,"2,128円",https://pc.watch.impress.co.jp/docs/news/todays_sales/2132745.html,PC Watch,2026-08-14 08:17:44,,0
1478500,game_sale,【Steamセール中! 25%OFF】,Big Walk,1725円,https://store.steampowered.com/app/1478500/,Steam Store,2026-08-15 07:32:15,2300,25
2764460,game_sale,【Steamセール中! 35%OFF】,Sandustry サンダストリー,962円,https://store.steampowered.com/app/2764460/,Steam Store,2026-08-15 07:32:15,1480,35
2552430,game_sale,【Steamセール中! 70%OFF】,KINGDOM HEARTS -HD 1.5+2.5 ReMIX-,2244円,https://store.steampowered.com/app/2552430/,Steam Store,2026-08-15 07:32:15,7480,70
3236900,game_sale,【Steamセール中! 10%OFF】,転生酒場,1890円,https://store.steampowered.com/app/3236900/,Steam Store,2026-08-15 07:32:15,2100,10
2161700,game_sale,【Steamセール中! 65%OFF】,ペルソナ３ リロード,2687円,https://store.steampowered.com/app/2161700/,Steam Store,2026-08-15 07:32:15,7678,65
3527290,game_sale,【Steamセール中! 50%OFF】,PEAK,440円,https://store.steampowered.com/app/3527290/,Steam Store,2026-08-15 07:32:15,880,50
2552450,game_sale,【Steamセール中! 70%OFF】,KINGDOM HEARTS III + Re Mind (DLC),2904円,https://store.steampowered.com/app/2552450/,Steam Store,2026-08-15 07:32:15,9680,70
1687950,game_sale,【Steamセール中! 70%OFF】,ペルソナ５ ザ・ロイヤル,2303円,https://store.steampowered.com/app/1687950/,Steam Store,2026-08-15 07:32:15,7678,70
4240150,game_sale,【Steamセール中! 20%OFF】,妹、他者、パラノイア,960円,https://store.steampowered.com/app/4240150/,Steam Store,2026-08-15 07:32:15,1200,20
2950790,game_sale,【Steamセール中! 25%OFF】,IRON NEST: Heavy Turret Simulator,1485円,https://store.steampowered.com/app/2950790/,Steam Store,2026-08-15 07:32:15,1980,25
3934250,game_top_seller,【Steam売上上位！】,ほの暮しの庭,9020円,https://store.steampowered.com/app/3934250/,Steam Store,2026-08-15 07:32:15,9020,0
78920,game_top_seller,【Steam売上上位！】,Big Walk and PEAK	,1948円,https://store.steampowered.com/app/78920/,Steam Store,2026-08-15 07:32:15,3180,32
74190,game_top_seller,【Steam売上上位！】,Escape from Tarkov - The Unheard Steam Edition,28000円,https://store.steampowered.com/app/74190/,Steam Store,2026-08-15 07:32:15,28000,0
3932890,game_top_seller,【Steam売上上位！】,Escape from Tarkov,7500円,https://store.steampowered.com/app/3932890/,Steam Store,2026-08-15 07:32:15,7500,0
1623730,game_top_seller,【Steam売上上位！】,Palworld / パルワールド,3400円,https://store.steampowered.com/app/1623730/,Steam Store,2026-08-15 07:32:15,3400,0
4108000,game_top_seller,【Steam売上上位！】,Machine Party,950円,https://store.steampowered.com/app/4108000/,Steam Store,2026-08-15 07:32:15,950,0
4704690,game_top_seller,【Steam売上上位！】,めっちゃカメレオン,790円,https://store.steampowered.com/app/4704690/,Steam Store,2026-08-15 07:32:15,790,0
https://pc.watch.impress.co.jp/docs/news/todays_sales/2132921.html,gadget_sale,【ガジェットセール! (割引)】,"【本日みつけたお買い得品】最新版「Fire TV Stick HD」が4,980円に割引中","4,980円",https://pc.watch.impress.co.jp/docs/news/todays_sales/2132921.html,PC Watch,2026-08-15 07:32:15,,0
https://pc.watch.impress.co.jp/docs/news/2132889.html,gadget_new,【ガジェット新着! (登場)】,Fable 5とも戦える「GLM-5.3」登場。事後学習の拡張のみで大幅性能アップ ,価格は記事を参照,https://pc.watch.impress.co.jp/docs/news/2132889.html,PC Watch,2026-08-15 07:32:15,,0
https://pc.watch.impress.co.jp/docs/news/todays_sales/2132745.html,gadget_sale,【ガジェットセール! (セール)】,【本日みつけたお買い得品】600mlブラックコーヒー24本入りが約400円引きでセール中,"2,128円",https://pc.watch.impress.co.jp/docs/news/todays_sales/2132745.html,PC Watch,2026-08-15 07:32:15,,0
1478500,game_sale,【Steamセール中! 25%OFF】,Big Walk,1725円,https://store.steampowered.com/app/1478500/,Steam Store,2026-08-16 07:32:46,2300,25
2764460,game_sale,【Steamセール中! 35%OFF】,Sandustry サンダストリー,962円,https://store.steampowered.com/app/2764460/,Steam Store,2026-08-16 07:32:46,1480,35
3236900,game_sale,【Steamセール中! 10%OFF】,転生酒場,1890円,https://store.steampowered.com/app/3236900/,Steam Store,2026-08-16 07:32:46,2100,10
3527290,game_sale,【Steamセール中! 50%OFF】,PEAK,440円,https://store.steampowered.com/app/3527290/,Steam Store,2026-08-16 07:32:46,880,50
2552430,game_sale,【Steamセール中! 70%OFF】,KINGDOM HEARTS -HD 1.5+2.5 ReMIX-,2244円,https://store.steampowered.com/app/2552430/,Steam Store,2026-08-16 07:32:46,7480,70
2358720,game_sale,【Steamセール中! 30%OFF】,黒神話：悟空,5313円,https://store.steampowered.com/app/2358720/,Steam Store,2026-08-16 07:32:46,7590,30
2552450,game_sale,【Steamセール中! 70%OFF】,KINGDOM HEARTS III + Re Mind (DLC),2904円,https://store.steampowered.com/app/2552450/,Steam Store,2026-08-16 07:32:46,9680,70
2161700,game_sale,【Steamセール中! 65%OFF】,ペルソナ３ リロード,2687円,https://store.steampowered.com/app/2161700/,Steam Store,2026-08-16 07:32:46,7678,65
1687950,game_sale,【Steamセール中! 70%OFF】,ペルソナ５ ザ・ロイヤル,2303円,https://store.steampowered.com/app/1687950/,Steam Store,2026-08-16 07:32:46,7678,70
2950790,game_sale,【Steamセール中! 25%OFF】,IRON NEST: Heavy Turret Simulator,1485円,https://store.steampowered.com/app/2950790/,Steam Store,2026-08-16 07:32:46,1980,25
78920,game_top_seller,【Steam売上上位！】,Big Walk and PEAK	,1948円,https://store.steampowered.com/app/78920/,Steam Store,2026-08-16 07:32:46,3180,32
3934250,game_top_seller,【Steam売上上位！】,ほの暮しの庭,9020円,https://store.steampowered.com/app/3934250/,Steam Store,2026-08-16 07:32:46,9020,0
3932890,game_top_seller,【Steam売上上位！】,Escape from Tarkov,7500円,https://store.steampowered.com/app/3932890/,Steam Store,2026-08-16 07:32:46,7500,0
1623730,game_top_seller,【Steam売上上位！】,Palworld / パルワールド,3400円,https://store.steampowered.com/app/1623730/,Steam Store,2026-08-16 07:32:46,3400,0
74190,game_top_seller,【Steam売上上位！】,Escape from Tarkov - The Unheard Steam Edition,28000円,https://store.steampowered.com/app/74190/,Steam Store,2026-08-16 07:32:46,28000,0
3787240,game_top_seller,【Steam売上上位！】,MARVEL Tōkon: Fighting Souls,7980円,https://store.steampowered.com/app/3787240/,Steam Store,2026-08-16 07:32:46,7980,0
4704690,game_top_seller,【Steam売上上位！】,めっちゃカメレオン,790円,https://store.steampowered.com/app/4704690/,Steam Store,2026-08-16 07:32:46,790,0
https://www.gizmodo.jp/article/skullcandy-crusher-1080-anc-review-a-huge-boost-from-bose/,gadget_new,【ガジェット新着! (レビュー)】,BOSEの技術を詰め込んだ「Skullcandy Crusher 1080 ANC」レビュー,価格は記事を参照,https://www.gizmodo.jp/article/skullcandy-crusher-1080-anc-review-a-huge-boost-from-bose/,Gizmodo Japan,2026-08-16 07:32:46,,0
https://pc.watch.impress.co.jp/docs/news/todays_sales/2132921.html,gadget_sale,【ガジェットセール! (割引)】,"【本日みつけたお買い得品】最新版「Fire TV Stick HD」が4,980円に割引中","4,980円",https://pc.watch.impress.co.jp/docs/news/todays_sales/2132921.html,PC Watch,2026-08-16 07:32:46,,0
https://pc.watch.impress.co.jp/docs/news/2132889.html,gadget_new,【ガジェット新着! (登場)】,Fable 5とも戦える「GLM-5.3」登場。事後学習の拡張のみで大幅性能アップ ,価格は記事を参照,https://pc.watch.impress.co.jp/docs/news/2132889.html,PC Watch,2026-08-16 07:32:46,,0
https://pc.watch.impress.co.jp/docs/news/todays_sales/2132745.html,gadget_sale,【ガジェットセール! (セール)】,【本日みつけたお買い得品】600mlブラックコーヒー24本入りが約400円引きでセール中,"2,128円",https://pc.watch.impress.co.jp/docs/news/todays_sales/2132745.html,PC Watch,2026-08-16 07:32:46,,0
1478500,game_sale,【Steamセール中! 25%OFF】,Big Walk,1725円,https://store.steampowered.com/app/1478500/,Steam Store,2026-08-17 07:54:18,2300,25
2764460,game_sale,【Steamセール中! 35%OFF】,Sandustry サンダストリー,962円,https://store.steampowered.com/app/2764460/,Steam Store,2026-08-17 07:54:18,1480,35
3236900,game_sale,【Steamセール中! 10%OFF】,転生酒場,1890円,https://store.steampowered.com/app/3236900/,Steam Store,2026-08-17 07:54:18,2100,10
2552430,game_sale,【Steamセール中! 70%OFF】,KINGDOM HEARTS -HD 1.5+2.5 ReMIX-,2244円,https://store.steampowered.com/app/2552430/,Steam Store,2026-08-17 07:54:18,7480,70
3527290,game_sale,【Steamセール中! 50%OFF】,PEAK,440円,https://store.steampowered.com/app/3527290/,Steam Store,2026-08-17 07:54:18,880,50
1687950,game_sale,【Steamセール中! 70%OFF】,ペルソナ５ ザ・ロイヤル,2303円,https://store.steampowered.com/app/1687950/,Steam Store,2026-08-17 07:54:18,7678,70
4625810,game_sale,【Steamセール中! 15%OFF】,インターネットサバイバーサバイバーズ,1496円,https://store.steampowered.com/app/4625810/,Steam Store,2026-08-17 07:54:18,1760,15
2950790,game_sale,【Steamセール中! 25%OFF】,IRON NEST: Heavy Turret Simulator,1485円,https://store.steampowered.com/app/2950790/,Steam Store,2026-08-17 07:54:18,1980,25
2161700,game_sale,【Steamセール中! 65%OFF】,ペルソナ３ リロード,2687円,https://store.steampowered.com/app/2161700/,Steam Store,2026-08-17 07:54:18,7678,65
2552450,game_sale,【Steamセール中! 70%OFF】,KINGDOM HEARTS III + Re Mind (DLC),2904円,https://store.steampowered.com/app/2552450/,Steam Store,2026-08-17 07:54:18,9680,70
3934250,game_top_seller,【Steam売上上位！】,ほの暮しの庭,9020円,https://store.steampowered.com/app/3934250/,Steam Store,2026-08-17 07:54:18,9020,0
78920,game_top_seller,【Steam売上上位！】,Big Walk and PEAK	,1948円,https://store.steampowered.com/app/78920/,Steam Store,2026-08-17 07:54:18,3180,32
3932890,game_top_seller,【Steam売上上位！】,Escape from Tarkov,7500円,https://store.steampowered.com/app/3932890/,Steam Store,2026-08-17 07:54:18,7500,0
74190,game_top_seller,【Steam売上上位！】,Escape from Tarkov - The Unheard Steam Edition,28000円,https://store.steampowered.com/app/74190/,Steam Store,2026-08-17 07:54:18,28000,0
2584270,game_top_seller,【Steam売上上位！】,Mortal Shell II,6480円,https://store.steampowered.com/app/2584270/,Steam Store,2026-08-17 07:54:18,6480,0
1623730,game_top_seller,【Steam売上上位！】,Palworld / パルワールド,3400円,https://store.steampowered.com/app/1623730/,Steam Store,2026-08-17 07:54:18,3400,0
1408027,game_top_seller,【Steam売上上位！】,STEINS;GATE REBOOT,5742円,https://store.steampowered.com/app/1408027/,Steam Store,2026-08-17 07:54:18,6380,10
https://www.gizmodo.jp/article/iphone-ultra-rumor/,gadget_new,【ガジェット新着! (発売)】,日本はお預け？ 折りたたみiPhone、米国以外は発売日遅れる可能性が…,価格は記事を参照,https://www.gizmodo.jp/article/iphone-ultra-rumor/,Gizmodo Japan,2026-08-17 07:54:18,,0
https://pc.watch.impress.co.jp/docs/news/todays_sales/2133016.html,gadget_sale,【ガジェットセール! (セール)】,【本日みつけたお買い得品】東芝のニッケル水素充電池×8本セットがセール中。アルカリ乾電池も値引きに,"2,633円",https://pc.watch.impress.co.jp/docs/news/todays_sales/2133016.html,PC Watch,2026-08-17 07:54:18,,0
https://pc.watch.impress.co.jp/docs/news/todays_sales/2133006.html,gadget_new,【ガジェット新着! (Amazon)】,【本日みつけたお買い得品】AmazonのDolby Atmos対応サウンドバーが1万2千円引き,"22,800円",https://pc.watch.impress.co.jp/docs/news/todays_sales/2133006.html,PC Watch,2026-08-17 07:54:18,,0
1478500,game_sale,【Steamセール中! 25%OFF】,Big Walk,1725円,https://store.steampowered.com/app/1478500/,Steam Store,2026-08-18 07:39:36,2300,25
2552430,game_sale,【Steamセール中! 70%OFF】,KINGDOM HEARTS -HD 1.5+2.5 ReMIX-,2244円,https://store.steampowered.com/app/2552430/,Steam Store,2026-08-18 07:39:36,7480,70
2764460,game_sale,【Steamセール中! 35%OFF】,Sandustry サンダストリー,962円,https://store.steampowered.com/app/2764460/,Steam Store,2026-08-18 07:39:36,1480,35
3527290,game_sale,【Steamセール中! 50%OFF】,PEAK,440円,https://store.steampowered.com/app/3527290/,Steam Store,2026-08-18 07:39:36,880,50
1687950,game_sale,【Steamセール中! 70%OFF】,ペルソナ５ ザ・ロイヤル,2303円,https://store.steampowered.com/app/1687950/,Steam Store,2026-08-18 07:39:36,7678,70
2161700,game_sale,【Steamセール中! 65%OFF】,ペルソナ３ リロード,2687円,https://store.steampowered.com/app/2161700/,Steam Store,2026-08-18 07:39:36,7678,65
1771300,game_sale,【Steamセール中! 60%OFF】,Kingdom Come: Deliverance II,3236円,https://store.steampowered.com/app/1771300/,Steam Store,2026-08-18 07:39:36,8090,60
694280,game_sale,【Steamセール中! 95%OFF】,Zombie Army 4: Dead War,275円,https://store.steampowered.com/app/694280/,Steam Store,2026-08-18 07:39:36,5500,95
2950790,game_sale,【Steamセール中! 25%OFF】,IRON NEST: Heavy Turret Simulator,1485円,https://store.steampowered.com/app/2950790/,Steam Store,2026-08-18 07:39:36,1980,25
4625810,game_sale,【Steamセール中! 15%OFF】,インターネットサバイバーサバイバーズ,1496円,https://store.steampowered.com/app/4625810/,Steam Store,2026-08-18 07:39:36,1760,15
2584270,game_top_seller,【Steam売上上位！】,Mortal Shell II,6480円,https://store.steampowered.com/app/2584270/,Steam Store,2026-08-18 07:39:36,6480,0
3934250,game_top_seller,【Steam売上上位！】,ほの暮しの庭,9020円,https://store.steampowered.com/app/3934250/,Steam Store,2026-08-18 07:39:36,9020,0
78920,game_top_seller,【Steam売上上位！】,Big Walk and PEAK	,1948円,https://store.steampowered.com/app/78920/,Steam Store,2026-08-18 07:39:36,3180,32
74190,game_top_seller,【Steam売上上位！】,Escape from Tarkov - The Unheard Steam Edition,28000円,https://store.steampowered.com/app/74190/,Steam Store,2026-08-18 07:39:36,28000,0
3932890,game_top_seller,【Steam売上上位！】,Escape from Tarkov,7500円,https://store.steampowered.com/app/3932890/,Steam Store,2026-08-18 07:39:36,7500,0
2536520,game_top_seller,【Steam売上上位！】,「ディアブロ II リザレクテッド」 – 「獄炎エディション」,4800円,https://store.steampowered.com/app/2536520/,Steam Store,2026-08-18 07:39:36,4800,0
1408027,game_top_seller,【Steam売上上位！】,STEINS;GATE REBOOT,5742円,https://store.steampowered.com/app/1408027/,Steam Store,2026-08-18 07:39:36,6380,10
4003930,game_top_seller,【Steam売上上位！】,仁王３ シーズンパス,5500円,https://store.steampowered.com/app/4003930/,Steam Store,2026-08-18 07:39:36,5500,0
4435490,game_top_seller,【Steam売上上位！】,Call of Duty®: Modern Warfare® 4,9800円,https://store.steampowered.com/app/4435490/,Steam Store,2026-08-18 07:39:36,9800,0
https://www.gizmodo.jp/article/watch_suunto-core-2/,gadget_new,【ガジェット新着! (登場)】,あの冒険ウォッチに新モデル、Suunto Core 2登場！,価格は記事を参照,https://www.gizmodo.jp/article/watch_suunto-core-2/,Gizmodo Japan,2026-08-18 07:39:36,,0
https://www.gizmodo.jp/article/soundcore-liberty5-sale/,gadget_sale,【ガジェットセール! (セール)】,20%オフで再セール中、Ankerの名作イヤホン「Soundcore Liberty 5」,価格は記事を参照,https://www.gizmodo.jp/article/soundcore-liberty5-sale/,Gizmodo Japan,2026-08-18 07:39:36,,0
https://pc.watch.impress.co.jp/docs/topic/special/2133246.html,gadget_new,【ガジェット新着! (Amazon)】,AmazonでミニPCが2万円台！TDP 6WのN5030搭載機 [Sponsored],"30,998円",https://pc.watch.impress.co.jp/docs/topic/special/2133246.html,PC Watch,2026-08-18 07:39:36,,0
https://pc.watch.impress.co.jp/docs/news/todays_sales/2133333.html,gadget_sale,【ガジェットセール! (クーポン)】,【本日みつけたお買い得品】Xiaomiの9.7型Androidタブレットがクーポン併用で約5千円引き,"20,461円",https://pc.watch.impress.co.jp/docs/news/todays_sales/2133333.html,PC Watch,2026-08-18 07:39:36,,0
2552430,game_sale,【Steamセール中! 70%OFF】,KINGDOM HEARTS -HD 1.5+2.5 ReMIX-,2244円,https://store.steampowered.com/app/2552430/,Steam Store,2026-08-19 07:40:14,7480,70
2764460,game_sale,【Steamセール中! 35%OFF】,Sandustry サンダストリー,962円,https://store.steampowered.com/app/2764460/,Steam Store,2026-08-19 07:40:14,1480,35
1687950,game_sale,【Steamセール中! 70%OFF】,ペルソナ５ ザ・ロイヤル,2303円,https://store.steampowered.com/app/1687950/,Steam Store,2026-08-19 07:40:14,7678,70
2161700,game_sale,【Steamセール中! 65%OFF】,ペルソナ３ リロード,2687円,https://store.steampowered.com/app/2161700/,Steam Store,2026-08-19 07:40:14,7678,65
2358720,game_sale,【Steamセール中! 30%OFF】,黒神話：悟空,5313円,https://store.steampowered.com/app/2358720/,Steam Store,2026-08-19 07:40:14,7590,30
694280,game_sale,【Steamセール中! 95%OFF】,Zombie Army 4: Dead War,275円,https://store.steampowered.com/app/694280/,Steam Store,2026-08-19 07:40:14,5500,95
2950790,game_sale,【Steamセール中! 25%OFF】,IRON NEST: Heavy Turret Simulator,1485円,https://store.steampowered.com/app/2950790/,Steam Store,2026-08-19 07:40:14,1980,25
2552450,game_sale,【Steamセール中! 70%OFF】,KINGDOM HEARTS III + Re Mind (DLC),2904円,https://store.steampowered.com/app/2552450/,Steam Store,2026-08-19 07:40:14,9680,70
4706950,game_sale,【Steamセール中! 10%OFF】,Yakuza Rogue EX: Officer Ayukawa Hikaru,2475円,https://store.steampowered.com/app/4706950/,Steam Store,2026-08-19 07:40:14,2750,10
3236900,game_sale,【Steamセール中! 10%OFF】,転生酒場,1890円,https://store.steampowered.com/app/3236900/,Steam Store,2026-08-19 07:40:14,2100,10
4003950,game_top_seller,【Steam売上上位！】,仁王３ 慶安地獄変,2750円,https://store.steampowered.com/app/4003950/,Steam Store,2026-08-19 07:40:14,2750,0
2584270,game_top_seller,【Steam売上上位！】,Mortal Shell II,6480円,https://store.steampowered.com/app/2584270/,Steam Store,2026-08-19 07:40:14,6480,0
3934250,game_top_seller,【Steam売上上位！】,ほの暮しの庭,9020円,https://store.steampowered.com/app/3934250/,Steam Store,2026-08-19 07:40:14,9020,0
1478500,game_top_seller,【Steam売上上位！】,Big Walk,2300円,https://store.steampowered.com/app/1478500/,Steam Store,2026-08-19 07:40:14,2300,0
54029,game_top_seller,【Steam売上上位！】,プライムステータスアップグレード,2320円,https://store.steampowered.com/app/54029/,Steam Store,2026-08-19 07:40:14,2320,0
1408027,game_top_seller,【Steam売上上位！】,STEINS;GATE REBOOT,5742円,https://store.steampowered.com/app/1408027/,Steam Store,2026-08-19 07:40:14,6380,10
4003930,game_top_seller,【Steam売上上位！】,仁王３ シーズンパス,5500円,https://store.steampowered.com/app/4003930/,Steam Store,2026-08-19 07:40:14,5500,0
78920,game_top_seller,【Steam売上上位！】,Big Walk and PEAK	,2862円,https://store.steampowered.com/app/78920/,Steam Store,2026-08-19 07:40:14,3180,0
74190,game_top_seller,【Steam売上上位！】,Escape from Tarkov - The Unheard Steam Edition,28000円,https://store.steampowered.com/app/74190/,Steam Store,2026-08-19 07:40:14,28000,0
3932890,game_top_seller,【Steam売上上位！】,Escape from Tarkov,7500円,https://store.steampowered.com/app/3932890/,Steam Store,2026-08-19 07:40:14,7500,0
https://www.gizmodo.jp/article/the-first-details-on-garmins-fenix-9-smartwatch-have-leaked-jpn/,gadget_new,【ガジェット新着! (登場)】,「fēnix 9」が今年来る？ ガーミンの次期スマウォに新たなうわさが登場,価格は記事を参照,https://www.gizmodo.jp/article/the-first-details-on-garmins-fenix-9-smartwatch-have-leaked-jpn/,Gizmodo Japan,2026-08-19 07:40:14,,0
https://www.gizmodo.jp/article/samsung-headphone/,gadget_new,【ガジェット新着! (発売)】,サムスン、10年以上ぶりにヘッドホン発売か？,価格は記事を参照,https://www.gizmodo.jp/article/samsung-headphone/,Gizmodo Japan,2026-08-19 07:40:14,,0
https://www.gizmodo.jp/article/honor-robot-phone-release/,gadget_new,【ガジェット新着! (発売)】,スマホからジンバルがニョキッ！動画撮影に革命を起こしそうなスマホ、中国で発売,価格は記事を参照,https://www.gizmodo.jp/article/honor-robot-phone-release/,Gizmodo Japan,2026-08-19 07:40:14,,0
https://www.gizmodo.jp/article/insta360-x6-review-the-king-of-360-cameras-reclaims-its-crown/,gadget_new,【ガジェット新着! (レビュー)】,360度カメラ「Insta360 X6」レビュー。10万円超の価値はある？,"100,000円",https://www.gizmodo.jp/article/insta360-x6-review-the-king-of-360-cameras-reclaims-its-crown/,Gizmodo Japan,2026-08-19 07:40:14,,0
https://pc.watch.impress.co.jp/docs/news/2133705.html,gadget_new,【ガジェット新着! (レビュー)】,AIと相談してUI決定、Claude Codeに「/design」スキルが研究プレビュー展開 ,価格は記事を参照,https://pc.watch.impress.co.jp/docs/news/2133705.html,PC Watch,2026-08-19 07:40:14,,0
4315040,game_sale,【Steamセール中! 10%OFF】,小さな領地の繫盛記,792円,https://store.steampowered.com/app/4315040/,Steam Store,2026-08-20 07:42:16,880,10
1408027,game_sale,【Steamセール中! 10%OFF】,STEINS;GATE REBOOT,5742円,https://store.steampowered.com/app/1408027/,Steam Store,2026-08-20 07:42:16,6380,10
2552430,game_sale,【Steamセール中! 70%OFF】,KINGDOM HEARTS -HD 1.5+2.5 ReMIX-,2244円,https://store.steampowered.com/app/2552430/,Steam Store,2026-08-20 07:42:16,7480,70
2764460,game_sale,【Steamセール中! 35%OFF】,Sandustry サンダストリー,962円,https://store.steampowered.com/app/2764460/,Steam Store,2026-08-20 07:42:16,1480,35
1707312,game_sale,【Steamセール中! 10%OFF】,STEINS;GATE REBOOT DIGITAL DELUXE EDITION,10692円,https://store.steampowered.com/app/1707312/,Steam Store,2026-08-20 07:42:16,11880,10
4026250,game_sale,【Steamセール中! 15%OFF】,Project P.I.T.T.,1147円,https://store.steampowered.com/app/4026250/,Steam Store,2026-08-20 07:42:16,1350,15
2358720,game_sale,【Steamセール中! 30%OFF】,黒神話：悟空,5313円,https://store.steampowered.com/app/2358720/,Steam Store,2026-08-20 07:42:16,7590,30
1687950,game_sale,【Steamセール中! 70%OFF】,ペルソナ５ ザ・ロイヤル,2303円,https://store.steampowered.com/app/1687950/,Steam Store,2026-08-20 07:42:16,7678,70
4132330,game_sale,【Steamセール中! 25%OFF】,Pizza House Simulator🍕,1275円,https://store.steampowered.com/app/4132330/,Steam Store,2026-08-20 07:42:16,1700,25
2552450,game_sale,【Steamセール中! 70%OFF】,KINGDOM HEARTS III + Re Mind (DLC),2904円,https://store.steampowered.com/app/2552450/,Steam Store,2026-08-20 07:42:16,9680,70
2584270,game_top_seller,【Steam売上上位！】,Mortal Shell II,6480円,https://store.steampowered.com/app/2584270/,Steam Store,2026-08-20 07:42:16,6480,0
4321510,game_top_seller,【Steam売上上位！】,魔性の彼女と...,2970円,https://store.steampowered.com/app/4321510/,Steam Store,2026-08-20 07:42:16,3300,10
3934250,game_top_seller,【Steam売上上位！】,ほの暮しの庭,9020円,https://store.steampowered.com/app/3934250/,Steam Store,2026-08-20 07:42:16,9020,0
1478500,game_top_seller,【Steam売上上位！】,Big Walk,2300円,https://store.steampowered.com/app/1478500/,Steam Store,2026-08-20 07:42:16,2300,0
3932890,game_top_seller,【Steam売上上位！】,Escape from Tarkov,7500円,https://store.steampowered.com/app/3932890/,Steam Store,2026-08-20 07:42:16,7500,0
1623730,game_top_seller,【Steam売上上位！】,Palworld / パルワールド,3400円,https://store.steampowered.com/app/1623730/,Steam Store,2026-08-20 07:42:16,3400,0
https://www.gizmodo.jp/article/iphone-18-18pro-rumors-summary/,gadget_new,【ガジェット新着! (発売)】,iPhone 18シリーズ、何が変わる？ 発売日・価格・スペック噂まとめ【8/20 更新】,価格は記事を参照,https://www.gizmodo.jp/article/iphone-18-18pro-rumors-summary/,Gizmodo Japan,2026-08-20 07:42:16,,0
https://pc.watch.impress.co.jp/docs/news/2134232.html,gadget_new,【ガジェット新着! (発売)】,殻割り済みRyzen 9 9950X3D2、Thermal Grizzlyが発売。お値段22万円弱 ,"217,400円",https://pc.watch.impress.co.jp/docs/news/2134232.html,PC Watch,2026-08-20 07:42:16,,0
https://pc.watch.impress.co.jp/docs/news/2134102.html,gadget_new,【ガジェット新着! (登場)】,PALITの公式デジタルアンバサダー「RiTONA」が登場。毎月18日は何かが起きる ,価格は記事を参照,https://pc.watch.impress.co.jp/docs/news/2134102.html,PC Watch,2026-08-20 07:42:16,,0
https://pc.watch.impress.co.jp/docs/news/todays_sales/2134086.html,gadget_sale,【ガジェットセール! (セール)】,【本日みつけたお買い得品】日清どん兵衛きつねうどんの12個セットが343円引き。天ぷらそばもセール中,"2,355円",https://pc.watch.impress.co.jp/docs/news/todays_sales/2134086.html,PC Watch,2026-08-20 07:42:16,,0
https://pc.watch.impress.co.jp/docs/news/todays_sales/2134080.html,gadget_sale,【ガジェットセール! (値引き)】,【本日みつけたお買い得品】約8万9千円オフ！GeForce RTX 5060/Ryzen 9搭載ゲーミングノートが大幅値引き,"299,800円",https://pc.watch.impress.co.jp/docs/news/todays_sales/2134080.html,PC Watch,2026-08-20 07:42:16,,0
4001890,game_sale,【Steamセール中! 38%OFF】,How to Fish,545円,https://store.steampowered.com/app/4001890/,Steam Store,2026-08-21 07:44:20,880,38
1408027,game_sale,【Steamセール中! 10%OFF】,STEINS;GATE REBOOT,5742円,https://store.steampowered.com/app/1408027/,Steam Store,2026-08-21 07:44:20,6380,10
4315040,game_sale,【Steamセール中! 10%OFF】,小さな領地の繫盛記,792円,https://store.steampowered.com/app/4315040/,Steam Store,2026-08-21 07:44:20,880,10
2163330,game_sale,【Steamセール中! 35%OFF】,Yet Another Zombie Survivors,1105円,https://store.steampowered.com/app/2163330/,Steam Store,2026-08-21 07:44:20,1700,35
3196440,game_sale,【Steamセール中! 10%OFF】,Vacation Cafe Simulator,2070円,https://store.steampowered.com/app/3196440/,Steam Store,2026-08-21 07:44:20,2300,10
2764460,game_sale,【Steamセール中! 35%OFF】,Sandustry サンダストリー,962円,https://store.steampowered.com/app/2764460/,Steam Store,2026-08-21 07:44:20,1480,35
4321510,game_sale,【Steamセール中! 10%OFF】,魔性の彼女と...,2970円,https://store.steampowered.com/app/4321510/,Steam Store,2026-08-21 07:44:20,3300,10
1687950,game_sale,【Steamセール中! 70%OFF】,ペルソナ５ ザ・ロイヤル,2303円,https://store.steampowered.com/app/1687950/,Steam Store,2026-08-21 07:44:20,7678,70
1707312,game_sale,【Steamセール中! 10%OFF】,STEINS;GATE REBOOT DIGITAL DELUXE EDITION,10692円,https://store.steampowered.com/app/1707312/,Steam Store,2026-08-21 07:44:20,11880,10
2161700,game_sale,【Steamセール中! 65%OFF】,ペルソナ３ リロード,2687円,https://store.steampowered.com/app/2161700/,Steam Store,2026-08-21 07:44:20,7678,65
2584270,game_top_seller,【Steam売上上位！】,Mortal Shell II,6480円,https://store.steampowered.com/app/2584270/,Steam Store,2026-08-21 07:44:20,6480,0
3971650,game_top_seller,【Steam売上上位！】,Lazy Witch's Factory レイジーウィッチーズファクトリー,1683円,https://store.steampowered.com/app/3971650/,Steam Store,2026-08-21 07:44:20,1870,10
3934250,game_top_seller,【Steam売上上位！】,ほの暮しの庭,9020円,https://store.steampowered.com/app/3934250/,Steam Store,2026-08-21 07:44:20,9020,0
4435490,game_top_seller,【Steam売上上位！】,Call of Duty®: Modern Warfare® 4,9800円,https://store.steampowered.com/app/4435490/,Steam Store,2026-08-21 07:44:20,9800,0
3932890,game_top_seller,【Steam売上上位！】,Escape from Tarkov,7500円,https://store.steampowered.com/app/3932890/,Steam Store,2026-08-21 07:44:20,7500,0
74190,game_top_seller,【Steam売上上位！】,Escape from Tarkov - The Unheard Steam Edition,28000円,https://store.steampowered.com/app/74190/,Steam Store,2026-08-21 07:44:20,28000,0
1478500,game_top_seller,【Steam売上上位！】,Big Walk,2300円,https://store.steampowered.com/app/1478500/,Steam Store,2026-08-21 07:44:20,2300,0
https://www.gizmodo.jp/article/airpods-pro-3-sale-amazon/,gadget_new,【ガジェット新着! (Amazon)】,"ノイズも値上げもキャンセル中。AmazonでAirPods Pro 3が6,000円も安くなってる","6,000円",https://www.gizmodo.jp/article/airpods-pro-3-sale-amazon/,Gizmodo Japan,2026-08-21 07:44:20,,0
https://pc.watch.impress.co.jp/docs/news/2134606.html,gadget_new,【ガジェット新着! (Amazon)】,AmazonスマイルSALE、8月28日9時開始。4TB SSDやRingドアホンが対象 ,価格は記事を参照,https://pc.watch.impress.co.jp/docs/news/2134606.html,PC Watch,2026-08-21 07:44:20,,0
https://pc.watch.impress.co.jp/docs/news/todays_sales/2134506.html,gadget_sale,【ガジェットセール! (特価)】,【本日みつけたお買い得品】燻製チーズ味のプリッツが1箱92円でオトク！28個セット特価販売中,"2,579円",https://pc.watch.impress.co.jp/docs/news/todays_sales/2134506.html,PC Watch,2026-08-21 07:44:20,,0
4001890,game_sale,【Steamセール中! 38%OFF】,How to Fish,545円,https://store.steampowered.com/app/4001890/,Steam Store,2026-08-22 07:33:50,880,38
1687950,game_sale,【Steamセール中! 70%OFF】,ペルソナ５ ザ・ロイヤル,2303円,https://store.steampowered.com/app/1687950/,Steam Store,2026-08-22 07:33:50,7678,70
2764460,game_sale,【Steamセール中! 35%OFF】,Sandustry サンダストリー,962円,https://store.steampowered.com/app/2764460/,Steam Store,2026-08-22 07:33:50,1480,35
2161700,game_sale,【Steamセール中! 65%OFF】,ペルソナ３ リロード,2687円,https://store.steampowered.com/app/2161700/,Steam Store,2026-08-22 07:33:50,7678,65
1408027,game_sale,【Steamセール中! 10%OFF】,STEINS;GATE REBOOT,5742円,https://store.steampowered.com/app/1408027/,Steam Store,2026-08-22 07:33:50,6380,10
3971650,game_sale,【Steamセール中! 10%OFF】,Lazy Witch's Factory レイジーウィッチーズファクトリー,1683円,https://store.steampowered.com/app/3971650/,Steam Store,2026-08-22 07:33:50,1870,10
2163330,game_sale,【Steamセール中! 35%OFF】,Yet Another Zombie Survivors,1105円,https://store.steampowered.com/app/2163330/,Steam Store,2026-08-22 07:33:50,1700,35
4315040,game_sale,【Steamセール中! 10%OFF】,小さな領地の繫盛記,792円,https://store.steampowered.com/app/4315040/,Steam Store,2026-08-22 07:33:50,880,10
4026250,game_sale,【Steamセール中! 15%OFF】,Project P.I.T.T.,1147円,https://store.steampowered.com/app/4026250/,Steam Store,2026-08-22 07:33:50,1350,15
2679460,game_sale,【Steamセール中! 60%OFF】,メタファー：リファンタジオ,3951円,https://store.steampowered.com/app/2679460/,Steam Store,2026-08-22 07:33:50,9878,60
2584270,game_top_seller,【Steam売上上位！】,Mortal Shell II,6480円,https://store.steampowered.com/app/2584270/,Steam Store,2026-08-22 07:33:50,6480,0
4435490,game_top_seller,【Steam売上上位！】,Call of Duty®: Modern Warfare® 4,9800円,https://store.steampowered.com/app/4435490/,Steam Store,2026-08-22 07:33:50,9800,0
3934250,game_top_seller,【Steam売上上位！】,ほの暮しの庭,9020円,https://store.steampowered.com/app/3934250/,Steam Store,2026-08-22 07:33:50,9020,0
1478500,game_top_seller,【Steam売上上位！】,Big Walk,2300円,https://store.steampowered.com/app/1478500/,Steam Store,2026-08-22 07:33:50,2300,0
78920,game_top_seller,【Steam売上上位！】,Big Walk and PEAK	,2862円,https://store.steampowered.com/app/78920/,Steam Store,2026-08-22 07:33:50,3180,0
54029,game_top_seller,【Steam売上上位！】,プライムステータスアップグレード,2320円,https://store.steampowered.com/app/54029/,Steam Store,2026-08-22 07:33:50,2320,0
https://www.gizmodo.jp/article/airpods-pro-3-sale-amazon/,gadget_new,【ガジェット新着! (Amazon)】,"ノイズも値上げもキャンセル中。AmazonでAirPods Pro 3が6,000円も安くなってる","6,000円",https://www.gizmodo.jp/article/airpods-pro-3-sale-amazon/,Gizmodo Japan,2026-08-22 07:33:50,,0
https://www.gizmodo.jp/article/comu-action-pro-video/,gadget_new,【ガジェット新着! (登場)】,神はスマホの裏に宿る。ボイスレコーダーと呼ぶにはもったいないAIガジェット登場,価格は記事を参照,https://www.gizmodo.jp/article/comu-action-pro-video/,Gizmodo Japan,2026-08-22 07:33:50,,0
https://pc.watch.impress.co.jp/docs/news/2134606.html,gadget_new,【ガジェット新着! (Amazon)】,AmazonスマイルSALE、8月28日9時開始。4TB SSDやRingドアホンが対象 ,価格は記事を参照,https://pc.watch.impress.co.jp/docs/news/2134606.html,PC Watch,2026-08-22 07:33:50,,0
https://pc.watch.impress.co.jp/docs/news/todays_sales/2134506.html,gadget_sale,【ガジェットセール! (特価)】,【本日みつけたお買い得品】燻製チーズ味のプリッツが1箱92円でオトク！28個セット特価販売中,"2,579円",https://pc.watch.impress.co.jp/docs/news/todays_sales/2134506.html,PC Watch,2026-08-22 07:33:50,,0
4001890,game_sale,【Steamセール中! 38%OFF】,How to Fish,545円,https://store.steampowered.com/app/4001890/,Steam Store,2026-08-23 07:34:35,880,38
2161700,game_sale,【Steamセール中! 65%OFF】,ペルソナ３ リロード,2687円,https://store.steampowered.com/app/2161700/,Steam Store,2026-08-23 07:34:35,7678,65
1687950,game_sale,【Steamセール中! 70%OFF】,ペルソナ５ ザ・ロイヤル,2303円,https://store.steampowered.com/app/1687950/,Steam Store,2026-08-23 07:34:35,7678,70
2764460,game_sale,【Steamセール中! 35%OFF】,Sandustry サンダストリー,962円,https://store.steampowered.com/app/2764460/,Steam Store,2026-08-23 07:34:35,1480,35
1408027,game_sale,【Steamセール中! 10%OFF】,STEINS;GATE REBOOT,5742円,https://store.steampowered.com/app/1408027/,Steam Store,2026-08-23 07:34:35,6380,10
2679460,game_sale,【Steamセール中! 60%OFF】,メタファー：リファンタジオ,3951円,https://store.steampowered.com/app/2679460/,Steam Store,2026-08-23 07:34:35,9878,60
4315040,game_sale,【Steamセール中! 10%OFF】,小さな領地の繫盛記,792円,https://store.steampowered.com/app/4315040/,Steam Store,2026-08-23 07:34:35,880,10
2163330,game_sale,【Steamセール中! 35%OFF】,Yet Another Zombie Survivors,1105円,https://store.steampowered.com/app/2163330/,Steam Store,2026-08-23 07:34:35,1700,35
3971650,game_sale,【Steamセール中! 10%OFF】,Lazy Witch's Factory レイジーウィッチーズファクトリー,1683円,https://store.steampowered.com/app/3971650/,Steam Store,2026-08-23 07:34:35,1870,10
2358720,game_sale,【Steamセール中! 30%OFF】,黒神話：悟空,5313円,https://store.steampowered.com/app/2358720/,Steam Store,2026-08-23 07:34:35,7590,30
3934250,game_top_seller,【Steam売上上位！】,ほの暮しの庭,9020円,https://store.steampowered.com/app/3934250/,Steam Store,2026-08-23 07:34:35,9020,0
1478500,game_top_seller,【Steam売上上位！】,Big Walk,2300円,https://store.steampowered.com/app/1478500/,Steam Store,2026-08-23 07:34:35,2300,0
1867240,game_top_seller,【Steam売上上位！】,WARDOGS,4980円,https://store.steampowered.com/app/1867240/,Steam Store,2026-08-23 07:34:35,4980,0
4435490,game_top_seller,【Steam売上上位！】,Call of Duty®: Modern Warfare® 4,9800円,https://store.steampowered.com/app/4435490/,Steam Store,2026-08-23 07:34:35,9800,0
2584270,game_top_seller,【Steam売上上位！】,Mortal Shell II,6480円,https://store.steampowered.com/app/2584270/,Steam Store,2026-08-23 07:34:35,6480,0
1487275,game_top_seller,【Steam売上上位！】,METAL GEAR SOLID: MASTER COLLECTION Vol.2,6600円,https://store.steampowered.com/app/1487275/,Steam Store,2026-08-23 07:34:35,6600,0
https://pc.watch.impress.co.jp/docs/news/2134606.html,gadget_new,【ガジェット新着! (Amazon)】,AmazonスマイルSALE、8月28日9時開始。4TB SSDやRingドアホンが対象 ,価格は記事を参照,https://pc.watch.impress.co.jp/docs/news/2134606.html,PC Watch,2026-08-23 07:34:35,,0
https://pc.watch.impress.co.jp/docs/news/todays_sales/2134506.html,gadget_sale,【ガジェットセール! (特価)】,【本日みつけたお買い得品】燻製チーズ味のプリッツが1箱92円でオトク！28個セット特価販売中,"2,579円",https://pc.watch.impress.co.jp/docs/news/todays_sales/2134506.html,PC Watch,2026-08-23 07:34:35,,0
4001890,game_sale,【Steamセール中! 38%OFF】,How to Fish,545円,https://store.steampowered.com/app/4001890/,Steam Store,2026-08-24 07:59:04,880,38
2161700,game_sale,【Steamセール中! 65%OFF】,ペルソナ３ リロード,2687円,https://store.steampowered.com/app/2161700/,Steam Store,2026-08-24 07:59:04,7678,65
1687950,game_sale,【Steamセール中! 70%OFF】,ペルソナ５ ザ・ロイヤル,2303円,https://store.steampowered.com/app/1687950/,Steam Store,2026-08-24 07:59:04,7678,70
1336490,game_sale,【Steamセール中! 70%OFF】,Against the Storm アゲインスト・ザ・ストーム,894円,https://store.steampowered.com/app/1336490/,Steam Store,2026-08-24 07:59:04,2980,70
2764460,game_sale,【Steamセール中! 35%OFF】,Sandustry サンダストリー,962円,https://store.steampowered.com/app/2764460/,Steam Store,2026-08-24 07:59:04,1480,35
2163330,game_sale,【Steamセール中! 35%OFF】,Yet Another Zombie Survivors,1105円,https://store.steampowered.com/app/2163330/,Steam Store,2026-08-24 07:59:04,1700,35
2679460,game_sale,【Steamセール中! 60%OFF】,メタファー：リファンタジオ,3951円,https://store.steampowered.com/app/2679460/,Steam Store,2026-08-24 07:59:04,9878,60
2358720,game_sale,【Steamセール中! 30%OFF】,黒神話：悟空,5313円,https://store.steampowered.com/app/2358720/,Steam Store,2026-08-24 07:59:04,7590,30
4026250,game_sale,【Steamセール中! 15%OFF】,Project P.I.T.T.,1147円,https://store.steampowered.com/app/4026250/,Steam Store,2026-08-24 07:59:04,1350,15
3971650,game_sale,【Steamセール中! 10%OFF】,Lazy Witch's Factory レイジーウィッチーズファクトリー,1683円,https://store.steampowered.com/app/3971650/,Steam Store,2026-08-24 07:59:04,1870,10
1487275,game_top_seller,【Steam売上上位！】,METAL GEAR SOLID: MASTER COLLECTION Vol.2,6600円,https://store.steampowered.com/app/1487275/,Steam Store,2026-08-24 07:59:04,6600,0
3934250,game_top_seller,【Steam売上上位！】,ほの暮しの庭,9020円,https://store.steampowered.com/app/3934250/,Steam Store,2026-08-24 07:59:04,9020,0
1478500,game_top_seller,【Steam売上上位！】,Big Walk,2300円,https://store.steampowered.com/app/1478500/,Steam Store,2026-08-24 07:59:04,2300,0
4435490,game_top_seller,【Steam売上上位！】,Call of Duty®: Modern Warfare® 4,9800円,https://store.steampowered.com/app/4435490/,Steam Store,2026-08-24 07:59:04,9800,0
2584270,game_top_seller,【Steam売上上位！】,Mortal Shell II,6480円,https://store.steampowered.com/app/2584270/,Steam Store,2026-08-24 07:59:04,6480,0
83697,game_top_seller,【Steam売上上位！】,How to Fish X Gamble With Your Friends,1318円,https://store.steampowered.com/app/83697/,Steam Store,2026-08-24 07:59:04,1800,19
https://pc.watch.impress.co.jp/docs/news/2134937.html,gadget_new,【ガジェット新着! (発売)】,マウス、約95万円のRyzen AI Max+搭載ミニPC「DAIV CX-A9A60」発売 ,"949,800円",https://pc.watch.impress.co.jp/docs/news/2134937.html,PC Watch,2026-08-24 07:59:04,,0
https://pc.watch.impress.co.jp/docs/topic/special/2133904.html,gadget_sale,【ガジェットセール! (割引)】,Ryzen 5のミニPCが約5万3千円で安い！Amazonで割引クーポン配布中 [Sponsored],"59,998円",https://pc.watch.impress.co.jp/docs/topic/special/2133904.html,PC Watch,2026-08-24 07:59:04,,0
4001890,game_sale,【Steamセール中! 38%OFF】,How to Fish,545円,https://store.steampowered.com/app/4001890/,Steam Store,2026-08-25 07:45:45,880,38
3321460,game_sale,【Steamセール中! 20%OFF】,紅の砂漠,7744円,https://store.steampowered.com/app/3321460/,Steam Store,2026-08-25 07:45:45,9680,20
3240220,game_sale,【Steamセール中! 56%OFF】,グランド・セフト・オートV エンハンスト,2851円,https://store.steampowered.com/app/3240220/,Steam Store,2026-08-25 07:45:45,6480,56
2358720,game_sale,【Steamセール中! 30%OFF】,黒神話：悟空,5313円,https://store.steampowered.com/app/2358720/,Steam Store,2026-08-25 07:45:45,7590,30
1336490,game_sale,【Steamセール中! 70%OFF】,Against the Storm アゲインスト・ザ・ストーム,894円,https://store.steampowered.com/app/1336490/,Steam Store,2026-08-25 07:45:45,2980,70
2764460,game_sale,【Steamセール中! 35%OFF】,Sandustry サンダストリー,962円,https://store.steampowered.com/app/2764460/,Steam Store,2026-08-25 07:45:45,1480,35
4026250,game_sale,【Steamセール中! 15%OFF】,Project P.I.T.T.,1147円,https://store.steampowered.com/app/4026250/,Steam Store,2026-08-25 07:45:45,1350,15
2680010,game_sale,【Steamセール中! 40%OFF】,The First Berserker: Khazan,4554円,https://store.steampowered.com/app/2680010/,Steam Store,2026-08-25 07:45:45,7590,40
1408027,game_sale,【Steamセール中! 10%OFF】,STEINS;GATE REBOOT,5742円,https://store.steampowered.com/app/1408027/,Steam Store,2026-08-25 07:45:45,6380,10
3971650,game_sale,【Steamセール中! 10%OFF】,Lazy Witch's Factory レイジーウィッチーズファクトリー,1683円,https://store.steampowered.com/app/3971650/,Steam Store,2026-08-25 07:45:45,1870,10
1487275,game_top_seller,【Steam売上上位！】,METAL GEAR SOLID: MASTER COLLECTION Vol.2,6600円,https://store.steampowered.com/app/1487275/,Steam Store,2026-08-25 07:45:45,6600,0
2399830,game_top_seller,【Steam売上上位！】,ARK: Survival Ascended,1690円,https://store.steampowered.com/app/2399830/,Steam Store,2026-08-25 07:45:45,6760,75
3934250,game_top_seller,【Steam売上上位！】,ほの暮しの庭,9020円,https://store.steampowered.com/app/3934250/,Steam Store,2026-08-25 07:45:45,9020,0
74190,game_top_seller,【Steam売上上位！】,Escape from Tarkov - The Unheard Steam Edition,28000円,https://store.steampowered.com/app/74190/,Steam Store,2026-08-25 07:45:45,28000,0
3932890,game_top_seller,【Steam売上上位！】,Escape from Tarkov,7500円,https://store.steampowered.com/app/3932890/,Steam Store,2026-08-25 07:45:45,7500,0
3720100,game_top_seller,【Steam売上上位！】,ARK: Lost Colony Expansion Pass,2159円,https://store.steampowered.com/app/3720100/,Steam Store,2026-08-25 07:45:45,4318,50
1478500,game_top_seller,【Steam売上上位！】,Big Walk,2300円,https://store.steampowered.com/app/1478500/,Steam Store,2026-08-25 07:45:45,2300,0
https://www.gizmodo.jp/article/that-weird-other-section-in-apple-stores-is-reportedly-being-revamped-for-a-new-line-of-home-products/,gadget_new,【ガジェット新着! (登場)】,Apple Storeが大改装中。これは新しいスマートホーム製品の登場を予感させる,価格は記事を参照,https://www.gizmodo.jp/article/that-weird-other-section-in-apple-stores-is-reportedly-being-revamped-for-a-new-line-of-home-products/,Gizmodo Japan,2026-08-25 07:45:45,,0
https://www.gizmodo.jp/article/iphone-18-pro-pro-max-rumors-summary/,gadget_new,【ガジェット新着! (発売)】,【噂まとめ】発表間近！iPhone 18 Pro／Pro Maxの発売日・価格・スペックのすべて（8/25 更新）,価格は記事を参照,https://www.gizmodo.jp/article/iphone-18-pro-pro-max-rumors-summary/,Gizmodo Japan,2026-08-25 07:45:45,,0
https://www.gizmodo.jp/article/asus-oxiis-e250g1/,gadget_new,【ガジェット新着! (登場)】,なぜ？とは聞かないで。ASUSから「自転車を電動アシスト付きにする」キットが登場,価格は記事を参照,https://www.gizmodo.jp/article/asus-oxiis-e250g1/,Gizmodo Japan,2026-08-25 07:45:45,,0
https://pc.watch.impress.co.jp/docs/news/2134937.html,gadget_new,【ガジェット新着! (発売)】,マウス、約95万円のRyzen AI Max+搭載ミニPC「DAIV CX-A9A60」発売 ,"949,800円",https://pc.watch.impress.co.jp/docs/news/2134937.html,PC Watch,2026-08-25 07:45:45,,0
4001890,game_sale,【Steamセール中! 38%OFF】,How to Fish,545円,https://store.steampowered.com/app/4001890/,Steam Store,2026-08-26 07:49:20,880,38
3321460,game_sale,【Steamセール中! 20%OFF】,紅の砂漠 Enhanced,7744円,https://store.steampowered.com/app/3321460/,Steam Store,2026-08-26 07:49:20,9680,20
1623730,game_sale,【Steamセール中! 30%OFF】,Palworld / パルワールド,2380円,https://store.steampowered.com/app/1623730/,Steam Store,2026-08-26 07:49:20,3400,30
3240220,game_sale,【Steamセール中! 56%OFF】,グランド・セフト・オートV エンハンスト,2851円,https://store.steampowered.com/app/3240220/,Steam Store,2026-08-26 07:49:20,6480,56
2483190,game_sale,【Steamセール中! 15%OFF】,Forza Horizon 6,8330円,https://store.steampowered.com/app/2483190/,Steam Store,2026-08-26 07:49:20,9800,15
4073860,game_sale,【Steamセール中! 20%OFF】,スイスイ株式会社,596円,https://store.steampowered.com/app/4073860/,Steam Store,2026-08-26 07:49:20,745,20
2634950,game_sale,【Steamセール中! 40%OFF】,首都高バトル,3960円,https://store.steampowered.com/app/2634950/,Steam Store,2026-08-26 07:49:20,6600,40
1174180,game_sale,【Steamセール中! 75%OFF】,Red Dead Redemption 2,2154円,https://store.steampowered.com/app/1174180/,Steam Store,2026-08-26 07:49:20,8618,75
381210,game_sale,【Steamセール中! 60%OFF】,デッドバイデイライト,792円,https://store.steampowered.com/app/381210/,Steam Store,2026-08-26 07:49:20,1980,60
2764460,game_sale,【Steamセール中! 35%OFF】,Sandustry サンダストリー,962円,https://store.steampowered.com/app/2764460/,Steam Store,2026-08-26 07:49:20,1480,35
1487275,game_top_seller,【Steam売上上位！】,METAL GEAR SOLID: MASTER COLLECTION Vol.2,6600円,https://store.steampowered.com/app/1487275/,Steam Store,2026-08-26 07:49:20,6600,0
3448650,game_top_seller,【Steam売上上位！】,Aliens: Fireteam Elite 2,6490円,https://store.steampowered.com/app/3448650/,Steam Store,2026-08-26 07:49:20,6490,0
5060920,game_top_seller,【Steam売上上位！】,Dead by Daylight: Chorus of Sin,885円,https://store.steampowered.com/app/5060920/,Steam Store,2026-08-26 07:49:20,885,0
2399830,game_top_seller,【Steam売上上位！】,ARK: Survival Ascended,1690円,https://store.steampowered.com/app/2399830/,Steam Store,2026-08-26 07:49:20,6760,75
3932890,game_top_seller,【Steam売上上位！】,Escape from Tarkov,7500円,https://store.steampowered.com/app/3932890/,Steam Store,2026-08-26 07:49:20,7500,0
3934250,game_top_seller,【Steam売上上位！】,ほの暮しの庭,9020円,https://store.steampowered.com/app/3934250/,Steam Store,2026-08-26 07:49:20,9020,0
83223,game_top_seller,【Steam売上上位！】,Aliens: Fireteam Elite 2 - 40th Anniversary Premium Edition,9130円,https://store.steampowered.com/app/83223/,Steam Store,2026-08-26 07:49:20,9130,0
https://www.gizmodo.jp/article/new-plain-old-airpods-5-without-cameras-could-arrive-next-month-jpn/,gadget_new,【ガジェット新着! (登場)】,AirPods 5が来月登場？ シンプルなAirPods派には、こっちが本命かも,価格は記事を参照,https://www.gizmodo.jp/article/new-plain-old-airpods-5-without-cameras-could-arrive-next-month-jpn/,Gizmodo Japan,2026-08-26 07:49:20,,0
https://www.gizmodo.jp/article/amazons-kindle-price-hikes-are-the-most-obscene-casualty-of-the-ram-crisis/,gadget_new,【ガジェット新着! (Amazon)】,米AmazonがEchoやKindleを大幅値上げ。日本での値上がり前に欲しいものは買っておきましょう,価格は記事を参照,https://www.gizmodo.jp/article/amazons-kindle-price-hikes-are-the-most-obscene-casualty-of-the-ram-crisis/,Gizmodo Japan,2026-08-26 07:49:20,,0
https://pc.watch.impress.co.jp/docs/news/2135806.html,gadget_new,【ガジェット新着! (発売)】,ASUS、ROG 20周年記念の「ROG XBOX Ally X20」が国内発売決定 ,価格は記事を参照,https://pc.watch.impress.co.jp/docs/news/2135806.html,PC Watch,2026-08-26 07:49:20,,0
https://pc.watch.impress.co.jp/docs/news/2135527.html,gadget_new,【ガジェット新着! (登場)】,2画面環境向けモニターライト「ScreenBar Max」登場。iMac専用モデルも ,"49,500円",https://pc.watch.impress.co.jp/docs/news/2135527.html,PC Watch,2026-08-26 07:49:20,,0
https://pc.watch.impress.co.jp/docs/topic/special/2134883.html,gadget_sale,【ガジェットセール! (セール)】,Ryzen 7+RTX 5060 Ti搭載ゲーミングPCが6万円引き！マウスの半期決算セール [Sponsored],価格は記事を参照,https://pc.watch.impress.co.jp/docs/topic/special/2134883.html,PC Watch,2026-08-26 07:49:20,,0
https://pc.watch.impress.co.jp/docs/topic/special/2135476.html,gadget_sale,【ガジェットセール! (セール)】,なんと8万7千円オフ！Ryzen 7 H255のミニPCが爆安。Amazonセール中 [Sponsored],"92,998円",https://pc.watch.impress.co.jp/docs/topic/special/2135476.html,PC Watch,2026-08-26 07:49:20,,0
3718190,game_sale,【Steamセール中! 20%OFF】,スーパーリアル麻雀 Venus Returns,3984円,https://store.steampowered.com/app/3718190/,Steam Store,2026-08-27 18:08:29,4980,20
1623730,game_sale,【Steamセール中! 30%OFF】,Palworld / パルワールド,2380円,https://store.steampowered.com/app/1623730/,Steam Store,2026-08-27 18:08:29,3400,30
3321460,game_sale,【Steamセール中! 20%OFF】,紅の砂漠 Enhanced,7744円,https://store.steampowered.com/app/3321460/,Steam Store,2026-08-27 18:08:29,9680,20
3240220,game_sale,【Steamセール中! 56%OFF】,グランド・セフト・オートV エンハンスト,2851円,https://store.steampowered.com/app/3240220/,Steam Store,2026-08-27 18:08:29,6480,56
4423580,game_sale,【Steamセール中! 10%OFF】,影のダンジョン,1215円,https://store.steampowered.com/app/4423580/,Steam Store,2026-08-27 18:08:29,1350,10
2483190,game_sale,【Steamセール中! 15%OFF】,Forza Horizon 6,8330円,https://store.steampowered.com/app/2483190/,Steam Store,2026-08-27 18:08:29,9800,15
3124540,game_sale,【Steamセール中! 20%OFF】,Far Far West,1920円,https://store.steampowered.com/app/3124540/,Steam Store,2026-08-27 18:08:29,2400,20
381210,game_sale,【Steamセール中! 60%OFF】,デッドバイデイライト,792円,https://store.steampowered.com/app/381210/,Steam Store,2026-08-27 18:08:29,1980,60
4650950,game_sale,【Steamセール中! 20%OFF】,COCORO,3040円,https://store.steampowered.com/app/4650950/,Steam Store,2026-08-27 18:08:29,3800,20
4627110,game_sale,【Steamセール中! 10%OFF】,Fell & Sell,989円,https://store.steampowered.com/app/4627110/,Steam Store,2026-08-27 18:08:29,1099,10
81880,game_top_seller,【Steam売上上位！】,スーパーリアル麻雀 Venus Returns - VRモード同梱セット,4733円,https://store.steampowered.com/app/81880/,Steam Store,2026-08-27 18:08:29,6961,20
3859630,game_top_seller,【Steam売上上位！】,METAL GEAR SOLID: MASTER COLLECTION Vol.2,6600円,https://store.steampowered.com/app/3859630/,Steam Store,2026-08-27 18:08:29,6600,0
4001890,game_top_seller,【Steam売上上位！】,How to Fish,880円,https://store.steampowered.com/app/4001890/,Steam Store,2026-08-27 18:08:29,880,0
3991320,game_top_seller,【Steam売上上位！】,スーパーリアル麻雀 Venus Returns - VRモード追加DLC,1585円,https://store.steampowered.com/app/3991320/,Steam Store,2026-08-27 18:08:29,1981,20
2075800,game_top_seller,【Steam売上上位！】,STAR WARS ゼロ・カンパニー™,6900円,https://store.steampowered.com/app/2075800/,Steam Store,2026-08-27 18:08:29,6900,0
2399830,game_top_seller,【Steam売上上位！】,ARK: Survival Ascended,1690円,https://store.steampowered.com/app/2399830/,Steam Store,2026-08-27 18:08:29,6760,75
4517190,game_top_seller,【Steam売上上位！】,新約・怒首領蜂大復活,2835円,https://store.steampowered.com/app/4517190/,Steam Store,2026-08-27 18:08:29,3150,10
83697,game_top_seller,【Steam売上上位！】,How to Fish X Gamble With Your Friends,1620円,https://store.steampowered.com/app/83697/,Steam Store,2026-08-27 18:08:29,1800,0
https://pc.watch.impress.co.jp/docs/news/2136316.html,gadget_new,【ガジェット新着! (登場)】,Google Fitbit Airにポケモンコラボモデル登場。Pokémon Sleepとの連携も ,"19,800円",https://pc.watch.impress.co.jp/docs/news/2136316.html,PC Watch,2026-08-27 18:08:29,,0
1623730,game_sale,【Steamセール中! 30%OFF】,Palworld / パルワールド,2380円,https://store.steampowered.com/app/1623730/,Steam Store,2026-08-28 19:18:32,3400,30
3321460,game_sale,【Steamセール中! 20%OFF】,紅の砂漠 Enhanced,7744円,https://store.steampowered.com/app/3321460/,Steam Store,2026-08-28 19:18:32,9680,20
3240220,game_sale,【Steamセール中! 56%OFF】,グランド・セフト・オートV エンハンスト,2851円,https://store.steampowered.com/app/3240220/,Steam Store,2026-08-28 19:18:32,6480,56
3718190,game_sale,【Steamセール中! 20%OFF】,スーパーリアル麻雀 Venus Returns,3984円,https://store.steampowered.com/app/3718190/,Steam Store,2026-08-28 19:18:32,4980,20
2530470,game_sale,【Steamセール中! 30%OFF】,魔女の庭,1540円,https://store.steampowered.com/app/2530470/,Steam Store,2026-08-28 19:18:32,2200,30
3124540,game_sale,【Steamセール中! 20%OFF】,Far Far West,1920円,https://store.steampowered.com/app/3124540/,Steam Store,2026-08-28 19:18:32,2400,20
2483190,game_sale,【Steamセール中! 15%OFF】,Forza Horizon 6,8330円,https://store.steampowered.com/app/2483190/,Steam Store,2026-08-28 19:18:32,9800,15
4423580,game_sale,【Steamセール中! 10%OFF】,影のダンジョン,1215円,https://store.steampowered.com/app/4423580/,Steam Store,2026-08-28 19:18:32,1350,10
990080,game_sale,【Steamセール中! 90%OFF】,ホグワーツ・レガシー,877円,https://store.steampowered.com/app/990080/,Steam Store,2026-08-28 19:18:32,8778,90
381210,game_sale,【Steamセール中! 60%OFF】,デッドバイデイライト,792円,https://store.steampowered.com/app/381210/,Steam Store,2026-08-28 19:18:32,1980,60
81880,game_top_seller,【Steam売上上位！】,スーパーリアル麻雀 Venus Returns - VRモード同梱セット,4733円,https://store.steampowered.com/app/81880/,Steam Store,2026-08-28 19:18:32,6961,20
4001890,game_top_seller,【Steam売上上位！】,How to Fish,880円,https://store.steampowered.com/app/4001890/,Steam Store,2026-08-28 19:18:32,880,0
3859630,game_top_seller,【Steam売上上位！】,METAL GEAR SOLID: MASTER COLLECTION Vol.2,6600円,https://store.steampowered.com/app/3859630/,Steam Store,2026-08-28 19:18:32,6600,0
3991320,game_top_seller,【Steam売上上位！】,スーパーリアル麻雀 Venus Returns - VRモード追加DLC,1585円,https://store.steampowered.com/app/3991320/,Steam Store,2026-08-28 19:18:32,1981,20
3655690,game_top_seller,【Steam売上上位！】,ELDEN RING Tarnished Pack,550円,https://store.steampowered.com/app/3655690/,Steam Store,2026-08-28 19:18:32,550,0
2075800,game_top_seller,【Steam売上上位！】,STAR WARS ゼロ・カンパニー™,6900円,https://store.steampowered.com/app/2075800/,Steam Store,2026-08-28 19:18:32,6900,0
2399830,game_top_seller,【Steam売上上位！】,ARK: Survival Ascended,1690円,https://store.steampowered.com/app/2399830/,Steam Store,2026-08-28 19:18:32,6760,75
1478500,game_top_seller,【Steam売上上位！】,Big Walk,2300円,https://store.steampowered.com/app/1478500/,Steam Store,2026-08-28 19:18:32,2300,0
https://www.gizmodo.jp/article/fitbit-pokemon-sleep/,gadget_new,【ガジェット新着! (登場)】,"Fitbit Airにポケモン登場、毎日の眠りをパワーにしてポケモンゲットだぜ！
",価格は記事を参照,https://www.gizmodo.jp/article/fitbit-pokemon-sleep/,Gizmodo Japan,2026-08-28 19:18:32,,0
https://www.gizmodo.jp/article/iphone-18-pro-pro-max-rumors-summary/,gadget_new,【ガジェット新着! (発売)】,【噂まとめ】発表間近！iPhone 18 Pro／Pro Maxの発売日・価格・スペックのすべて（8/28 更新）,価格は記事を参照,https://www.gizmodo.jp/article/iphone-18-pro-pro-max-rumors-summary/,Gizmodo Japan,2026-08-28 19:18:32,,0
https://pc.watch.impress.co.jp/docs/news/todays_sales/2136547.html,gadget_sale,【ガジェットセール! (セール)】,【本日みつけたお買い得品】WDの2TB HDDが約4千円引き。8TB、12TBもセール中,"71,560円",https://pc.watch.impress.co.jp/docs/news/todays_sales/2136547.html,PC Watch,2026-08-28 19:18:32,,0
https://pc.watch.impress.co.jp/docs/news/2136553.html,gadget_new,【ガジェット新着! (発売)】,最大40 TOPSのエッジAIコンピュータ「Arduino VENTUNO Q」国内発売へ ,価格は記事を参照,https://pc.watch.impress.co.jp/docs/news/2136553.html,PC Watch,2026-08-28 19:18:32,,0
https://pc.watch.impress.co.jp/docs/news/2136435.html,gadget_new,【ガジェット新着! (発売)】,"最大7,450MB/sで4TBも、SUNEASTのM.2 SSDが店頭発売 ",価格は記事を参照,https://pc.watch.impress.co.jp/docs/news/2136435.html,PC Watch,2026-08-28 19:18:32,,0
https://pc.watch.impress.co.jp/docs/news/todays_sales/2136423.html,gadget_sale,【ガジェットセール! (セール)】,【本日みつけたお買い得品】Apple Watch Series 11が1万1千円引き。Ultra 3もセール,"65,800円",https://pc.watch.impress.co.jp/docs/news/todays_sales/2136423.html,PC Watch,2026-08-28 19:18:32,,0
https://pc.watch.impress.co.jp/docs/news/2136378.html,gadget_new,【ガジェット新着! (発売)】,あの「NieR」が背面に……！Pixioが限定デザインのゲーミングモニター発売 ,"49,800円",https://pc.watch.impress.co.jp/docs/news/2136378.html,PC Watch,2026-08-28 19:18:32,,0
3718190,game_sale,【Steamセール中! 20%OFF】,スーパーリアル麻雀 Venus Returns,3984円,https://store.steampowered.com/app/3718190/,Steam Store,2026-08-29 13:01:35,4980,20
1623730,game_sale,【Steamセール中! 30%OFF】,Palworld / パルワールド,2380円,https://store.steampowered.com/app/1623730/,Steam Store,2026-08-29 13:01:35,3400,30
3321460,game_sale,【Steamセール中! 20%OFF】,紅の砂漠 Enhanced,7744円,https://store.steampowered.com/app/3321460/,Steam Store,2026-08-29 13:01:35,9680,20
2483190,game_sale,【Steamセール中! 15%OFF】,Forza Horizon 6,8330円,https://store.steampowered.com/app/2483190/,Steam Store,2026-08-29 13:01:35,9800,15
3240220,game_sale,【Steamセール中! 56%OFF】,グランド・セフト・オートV エンハンスト,2851円,https://store.steampowered.com/app/3240220/,Steam Store,2026-08-29 13:01:35,6480,56
2530470,game_sale,【Steamセール中! 30%OFF】,魔女の庭,1540円,https://store.steampowered.com/app/2530470/,Steam Store,2026-08-29 13:01:35,2200,30
3124540,game_sale,【Steamセール中! 20%OFF】,Far Far West,1920円,https://store.steampowered.com/app/3124540/,Steam Store,2026-08-29 13:01:35,2400,20
1331550,game_sale,【Steamセール中! 20%OFF】,Big Ambitions,2669円,https://store.steampowered.com/app/1331550/,Steam Store,2026-08-29 13:01:35,3337,20
381210,game_sale,【Steamセール中! 60%OFF】,デッドバイデイライト,792円,https://store.steampowered.com/app/381210/,Steam Store,2026-08-29 13:01:35,1980,60
990080,game_sale,【Steamセール中! 90%OFF】,ホグワーツ・レガシー,877円,https://store.steampowered.com/app/990080/,Steam Store,2026-08-29 13:01:35,8778,90
81880,game_top_seller,【Steam売上上位！】,スーパーリアル麻雀 Venus Returns - VRモード同梱セット,4733円,https://store.steampowered.com/app/81880/,Steam Store,2026-08-29 13:01:35,6961,20
4001890,game_top_seller,【Steam売上上位！】,How to Fish,880円,https://store.steampowered.com/app/4001890/,Steam Store,2026-08-29 13:01:35,880,0
3859630,game_top_seller,【Steam売上上位！】,METAL GEAR SOLID: MASTER COLLECTION Vol.2,6600円,https://store.steampowered.com/app/3859630/,Steam Store,2026-08-29 13:01:35,6600,0
3991320,game_top_seller,【Steam売上上位！】,スーパーリアル麻雀 Venus Returns - VRモード追加DLC,1585円,https://store.steampowered.com/app/3991320/,Steam Store,2026-08-29 13:01:35,1981,20
1478500,game_top_seller,【Steam売上上位！】,Big Walk,2300円,https://store.steampowered.com/app/1478500/,Steam Store,2026-08-29 13:01:35,2300,0
3655690,game_top_seller,【Steam売上上位！】,ELDEN RING Tarnished Pack,550円,https://store.steampowered.com/app/3655690/,Steam Store,2026-08-29 13:01:35,550,0
2075800,game_top_seller,【Steam売上上位！】,STAR WARS ゼロ・カンパニー™,6900円,https://store.steampowered.com/app/2075800/,Steam Store,2026-08-29 13:01:35,6900,0
1010509,game_top_seller,【Steam売上上位！】,ELDEN RING Shadow of the Erdtree Edition,9020円,https://store.steampowered.com/app/1010509/,Steam Store,2026-08-29 13:01:35,9020,0
https://www.gizmodo.jp/article/rooxxr_vr_pillow-zto/,gadget_new,【ガジェット新着! (登場)】,巷で流行りの「VR睡眠」って知ってる？ “V睡”専用のまくらが登場です,価格は記事を参照,https://www.gizmodo.jp/article/rooxxr_vr_pillow-zto/,Gizmodo Japan,2026-08-29 13:01:35,,0
https://pc.watch.impress.co.jp/docs/news/todays_sales/2136547.html,gadget_sale,【ガジェットセール! (セール)】,【本日みつけたお買い得品】WDの2TB HDDが約4千円引き。8TB、12TBもセール中,"71,560円",https://pc.watch.impress.co.jp/docs/news/todays_sales/2136547.html,PC Watch,2026-08-29 13:01:35,,0
https://pc.watch.impress.co.jp/docs/news/2136553.html,gadget_new,【ガジェット新着! (発売)】,最大40 TOPSのエッジAIコンピュータ「Arduino VENTUNO Q」国内発売へ ,価格は記事を参照,https://pc.watch.impress.co.jp/docs/news/2136553.html,PC Watch,2026-08-29 13:01:35,,0
1623730,game_sale,【Steamセール中! 30%OFF】,Palworld / パルワールド,2380円,https://store.steampowered.com/app/1623730/,Steam Store,2026-08-30 12:39:40,3400,30
3321460,game_sale,【Steamセール中! 20%OFF】,紅の砂漠 Enhanced,7744円,https://store.steampowered.com/app/3321460/,Steam Store,2026-08-30 12:39:40,9680,20
3718190,game_sale,【Steamセール中! 20%OFF】,スーパーリアル麻雀 Venus Returns,3984円,https://store.steampowered.com/app/3718190/,Steam Store,2026-08-30 12:39:40,4980,20
2483190,game_sale,【Steamセール中! 15%OFF】,Forza Horizon 6,8330円,https://store.steampowered.com/app/2483190/,Steam Store,2026-08-30 12:39:40,9800,15
3240220,game_sale,【Steamセール中! 56%OFF】,グランド・セフト・オートV エンハンスト,2851円,https://store.steampowered.com/app/3240220/,Steam Store,2026-08-30 12:39:40,6480,56
3124540,game_sale,【Steamセール中! 20%OFF】,Far Far West,1920円,https://store.steampowered.com/app/3124540/,Steam Store,2026-08-30 12:39:40,2400,20
2530470,game_sale,【Steamセール中! 30%OFF】,魔女の庭,1540円,https://store.steampowered.com/app/2530470/,Steam Store,2026-08-30 12:39:40,2200,30
990080,game_sale,【Steamセール中! 90%OFF】,ホグワーツ・レガシー,877円,https://store.steampowered.com/app/990080/,Steam Store,2026-08-30 12:39:40,8778,90
1331550,game_sale,【Steamセール中! 20%OFF】,Big Ambitions,2669円,https://store.steampowered.com/app/1331550/,Steam Store,2026-08-30 12:39:40,3337,20
381210,game_sale,【Steamセール中! 60%OFF】,デッドバイデイライト,792円,https://store.steampowered.com/app/381210/,Steam Store,2026-08-30 12:39:40,1980,60
81880,game_top_seller,【Steam売上上位！】,スーパーリアル麻雀 Venus Returns - VRモード同梱セット,4733円,https://store.steampowered.com/app/81880/,Steam Store,2026-08-30 12:39:40,6961,20
4001890,game_top_seller,【Steam売上上位！】,How to Fish,880円,https://store.steampowered.com/app/4001890/,Steam Store,2026-08-30 12:39:40,880,0
3859630,game_top_seller,【Steam売上上位！】,METAL GEAR SOLID: MASTER COLLECTION Vol.2,6600円,https://store.steampowered.com/app/3859630/,Steam Store,2026-08-30 12:39:40,6600,0
3991320,game_top_seller,【Steam売上上位！】,スーパーリアル麻雀 Venus Returns - VRモード追加DLC,1585円,https://store.steampowered.com/app/3991320/,Steam Store,2026-08-30 12:39:40,1981,20
1478500,game_top_seller,【Steam売上上位！】,Big Walk,2300円,https://store.steampowered.com/app/1478500/,Steam Store,2026-08-30 12:39:40,2300,0
2399830,game_top_seller,【Steam売上上位！】,ARK: Survival Ascended,1690円,https://store.steampowered.com/app/2399830/,Steam Store,2026-08-30 12:39:40,6760,75
2075800,game_top_seller,【Steam売上上位！】,STAR WARS ゼロ・カンパニー™,6900円,https://store.steampowered.com/app/2075800/,Steam Store,2026-08-30 12:39:40,6900,0
https://pc.watch.impress.co.jp/docs/news/todays_sales/2136547.html,gadget_sale,【ガジェットセール! (セール)】,【本日みつけたお買い得品】WDの2TB HDDが約4千円引き。8TB、12TBもセール中,"71,560円",https://pc.watch.impress.co.jp/docs/news/todays_sales/2136547.html,PC Watch,2026-08-30 12:39:40,,0
https://pc.watch.impress.co.jp/docs/news/2136553.html,gadget_new,【ガジェット新着! (発売)】,最大40 TOPSのエッジAIコンピュータ「Arduino VENTUNO Q」国内発売へ ,価格は記事を参照,https://pc.watch.impress.co.jp/docs/news/2136553.html,PC Watch,2026-08-30 12:39:40,,0
3718190,game_sale,【Steamセール中! 20%OFF】,スーパーリアル麻雀 Venus Returns,3984円,https://store.steampowered.com/app/3718190/,Steam Store,2026-08-31 14:55:06,4980,20
1623730,game_sale,【Steamセール中! 30%OFF】,Palworld / パルワールド,2380円,https://store.steampowered.com/app/1623730/,Steam Store,2026-08-31 14:55:06,3400,30
3240220,game_sale,【Steamセール中! 56%OFF】,グランド・セフト・オートV エンハンスト,2851円,https://store.steampowered.com/app/3240220/,Steam Store,2026-08-31 14:55:06,6480,56
2483190,game_sale,【Steamセール中! 15%OFF】,Forza Horizon 6,8330円,https://store.steampowered.com/app/2483190/,Steam Store,2026-08-31 14:55:06,9800,15
3321460,game_sale,【Steamセール中! 20%OFF】,紅の砂漠 Enhanced,7744円,https://store.steampowered.com/app/3321460/,Steam Store,2026-08-31 14:55:06,9680,20
870780,game_sale,【Steamセール中! 90%OFF】,Control Ultimate Edition,450円,https://store.steampowered.com/app/870780/,Steam Store,2026-08-31 14:55:06,4500,90
1331550,game_sale,【Steamセール中! 20%OFF】,Big Ambitions,2669円,https://store.steampowered.com/app/1331550/,Steam Store,2026-08-31 14:55:06,3337,20
2530470,game_sale,【Steamセール中! 30%OFF】,魔女の庭,1540円,https://store.steampowered.com/app/2530470/,Steam Store,2026-08-31 14:55:06,2200,30
990080,game_sale,【Steamセール中! 90%OFF】,ホグワーツ・レガシー,877円,https://store.steampowered.com/app/990080/,Steam Store,2026-08-31 14:55:06,8778,90
739630,game_sale,【Steamセール中! 30%OFF】,Phasmophobia,1610円,https://store.steampowered.com/app/739630/,Steam Store,2026-08-31 14:55:06,2300,30
81880,game_top_seller,【Steam売上上位！】,スーパーリアル麻雀 Venus Returns - VRモード同梱セット,4733円,https://store.steampowered.com/app/81880/,Steam Store,2026-08-31 14:55:06,6961,20
4001890,game_top_seller,【Steam売上上位！】,How to Fish,880円,https://store.steampowered.com/app/4001890/,Steam Store,2026-08-31 14:55:06,880,0
3859630,game_top_seller,【Steam売上上位！】,METAL GEAR SOLID: MASTER COLLECTION Vol.2,6600円,https://store.steampowered.com/app/3859630/,Steam Store,2026-08-31 14:55:06,6600,0
2638890,game_top_seller,【Steam売上上位！】,鬼武者 Way of the Sword,8990円,https://store.steampowered.com/app/2638890/,Steam Store,2026-08-31 14:55:06,8990,0
3991320,game_top_seller,【Steam売上上位！】,スーパーリアル麻雀 Venus Returns - VRモード追加DLC,1585円,https://store.steampowered.com/app/3991320/,Steam Store,2026-08-31 14:55:06,1981,20
4080220,game_top_seller,【Steam売上上位！】,EA SPORTS FC™ 27,9800円,https://store.steampowered.com/app/4080220/,Steam Store,2026-08-31 14:55:06,9800,0
2399830,game_top_seller,【Steam売上上位！】,ARK: Survival Ascended,1690円,https://store.steampowered.com/app/2399830/,Steam Store,2026-08-31 14:55:06,6760,75
https://www.gizmodo.jp/article/tamagotchi-ring/,gadget_new,【ガジェット新着! (登場)】,もうずっと、一緒だね。指輪型の「たまごっち」登場,価格は記事を参照,https://www.gizmodo.jp/article/tamagotchi-ring/,Gizmodo Japan,2026-08-31 14:55:06,,0
251570,game_sale,【Steamセール中! 45%OFF】,7 Days to Die,2695円,https://store.steampowered.com/app/251570/,Steam Store,2026-09-01 12:25:39,4900,45
3718190,game_sale,【Steamセール中! 20%OFF】,スーパーリアル麻雀 Venus Returns,3984円,https://store.steampowered.com/app/3718190/,Steam Store,2026-09-01 12:25:39,4980,20
1623730,game_sale,【Steamセール中! 30%OFF】,Palworld / パルワールド,2380円,https://store.steampowered.com/app/1623730/,Steam Store,2026-09-01 12:25:39,3400,30
105600,game_sale,【Steamセール中! 50%OFF】,Terraria,600円,https://store.steampowered.com/app/105600/,Steam Store,2026-09-01 12:25:39,1200,50
3321460,game_sale,【Steamセール中! 20%OFF】,紅の砂漠 Enhanced,7744円,https://store.steampowered.com/app/3321460/,Steam Store,2026-09-01 12:25:39,9680,20
3240220,game_sale,【Steamセール中! 56%OFF】,グランド・セフト・オートV エンハンスト,2851円,https://store.steampowered.com/app/3240220/,Steam Store,2026-09-01 12:25:39,6480,56
108600,game_sale,【Steamセール中! 33%OFF】,Project Zomboid,2110円,https://store.steampowered.com/app/108600/,Steam Store,2026-09-01 12:25:39,3150,33
2483190,game_sale,【Steamセール中! 15%OFF】,Forza Horizon 6,8330円,https://store.steampowered.com/app/2483190/,Steam Store,2026-09-01 12:25:39,9800,15
648800,game_sale,【Steamセール中! 33%OFF】,Raft,1742円,https://store.steampowered.com/app/648800/,Steam Store,2026-09-01 12:25:39,2600,33
1203620,game_sale,【Steamセール中! 25%OFF】,Enshrouded~霧の王国~,2550円,https://store.steampowered.com/app/1203620/,Steam Store,2026-09-01 12:25:39,3400,25
2638890,game_top_seller,【Steam売上上位！】,鬼武者 Way of the Sword,8990円,https://store.steampowered.com/app/2638890/,Steam Store,2026-09-01 12:25:39,8990,0
81880,game_top_seller,【Steam売上上位！】,スーパーリアル麻雀 Venus Returns - VRモード同梱セット,4733円,https://store.steampowered.com/app/81880/,Steam Store,2026-09-01 12:25:39,6961,20
5044770,game_top_seller,【Steam売上上位！】,デスゲームの報告書,500円,https://store.steampowered.com/app/5044770/,Steam Store,2026-09-01 12:25:39,500,0
3859630,game_top_seller,【Steam売上上位！】,METAL GEAR SOLID: MASTER COLLECTION Vol.2,6600円,https://store.steampowered.com/app/3859630/,Steam Store,2026-09-01 12:25:39,6600,0
4001890,game_top_seller,【Steam売上上位！】,How to Fish,880円,https://store.steampowered.com/app/4001890/,Steam Store,2026-09-01 12:25:39,880,0
3991320,game_top_seller,【Steam売上上位！】,スーパーリアル麻雀 Venus Returns - VRモード追加DLC,1585円,https://store.steampowered.com/app/3991320/,Steam Store,2026-09-01 12:25:39,1981,20
https://www.gizmodo.jp/article/amazon_smile-sale_2026_september-real-buy/,gadget_sale,【ガジェットセール! (セール)】,ギズモード・ジャパンのみんながAmazonスマイルセールで買ったもの、全見せします,価格は記事を参照,https://www.gizmodo.jp/article/amazon_smile-sale_2026_september-real-buy/,Gizmodo Japan,2026-09-01 12:25:39,,0
https://www.gizmodo.jp/article/iphone-18-18pro-rumors-summary/,gadget_new,【ガジェット新着! (発売)】,【噂まとめ】iPhone 18シリーズが来る！発売日・価格・スペックのすべて（9/1 更新）,価格は記事を参照,https://www.gizmodo.jp/article/iphone-18-18pro-rumors-summary/,Gizmodo Japan,2026-09-01 12:25:39,,0
https://www.gizmodo.jp/article/iphone-18-pro-pro-max-rumors-summary/,gadget_new,【ガジェット新着! (発売)】,【噂まとめ】発表間近！iPhone 18 Pro／Pro Maxの発売日・価格・スペックのすべて（9/1 更新）,価格は記事を参照,https://www.gizmodo.jp/article/iphone-18-pro-pro-max-rumors-summary/,Gizmodo Japan,2026-09-01 12:25:39,,0
https://pc.watch.impress.co.jp/docs/news/2137241.html,gadget_new,【ガジェット新着! (登場)】,LM StudioのAIエージェント「Bionic」、Linux版が登場 ,価格は記事を参照,https://pc.watch.impress.co.jp/docs/news/2137241.html,PC Watch,2026-09-01 12:25:39,,0
https://pc.watch.impress.co.jp/docs/news/todays_sales/2137220.html,gadget_sale,【ガジェットセール! (セール)】,【本日みつけたお買い得品】お揚げが魅力の赤いきつねがセール価格で販売中,"1,460円",https://pc.watch.impress.co.jp/docs/news/todays_sales/2137220.html,PC Watch,2026-09-01 12:25:39,,0
https://pc.watch.impress.co.jp/docs/news/2137191.html,gadget_new,【ガジェット新着! (登場)】,7週間の沈黙破り「OpenClaw 2.0」登場。プルリクエスト1万6千件の史上最大更新 ,価格は記事を参照,https://pc.watch.impress.co.jp/docs/news/2137191.html,PC Watch,2026-09-01 12:25:39,,0
3718190,game_sale,【Steamセール中! 20%OFF】,スーパーリアル麻雀 Venus Returns,3984円,https://store.steampowered.com/app/3718190/,Steam Store,2026-09-02 11:59:50,4980,20
1623730,game_sale,【Steamセール中! 30%OFF】,Palworld / パルワールド,2380円,https://store.steampowered.com/app/1623730/,Steam Store,2026-09-02 11:59:50,3400,30
251570,game_sale,【Steamセール中! 45%OFF】,7 Days to Die,2695円,https://store.steampowered.com/app/251570/,Steam Store,2026-09-02 11:59:50,4900,45
105600,game_sale,【Steamセール中! 50%OFF】,Terraria,600円,https://store.steampowered.com/app/105600/,Steam Store,2026-09-02 11:59:50,1200,50
3240220,game_sale,【Steamセール中! 56%OFF】,グランド・セフト・オートV エンハンスト,2851円,https://store.steampowered.com/app/3240220/,Steam Store,2026-09-02 11:59:50,6480,56
3321460,game_sale,【Steamセール中! 20%OFF】,紅の砂漠 Enhanced,7744円,https://store.steampowered.com/app/3321460/,Steam Store,2026-09-02 11:59:50,9680,20
648800,game_sale,【Steamセール中! 33%OFF】,Raft,1742円,https://store.steampowered.com/app/648800/,Steam Store,2026-09-02 11:59:50,2600,33
1488462,game_sale,【Steamセール中! 20%OFF】,007 ファーストライト,7128円,https://store.steampowered.com/app/1488462/,Steam Store,2026-09-02 11:59:50,8910,20
2483190,game_sale,【Steamセール中! 15%OFF】,Forza Horizon 6,8330円,https://store.steampowered.com/app/2483190/,Steam Store,2026-09-02 11:59:50,9800,15
108600,game_sale,【Steamセール中! 33%OFF】,Project Zomboid,2110円,https://store.steampowered.com/app/108600/,Steam Store,2026-09-02 11:59:50,3150,33
2638890,game_top_seller,【Steam売上上位！】,鬼武者 Way of the Sword,8990円,https://store.steampowered.com/app/2638890/,Steam Store,2026-09-02 11:59:50,8990,0
81880,game_top_seller,【Steam売上上位！】,スーパーリアル麻雀 Venus Returns - VRモード同梱セット,4733円,https://store.steampowered.com/app/81880/,Steam Store,2026-09-02 11:59:50,6961,20
3751260,game_top_seller,【Steam売上上位！】,The Blood of Dawnwalker,9790円,https://store.steampowered.com/app/3751260/,Steam Store,2026-09-02 11:59:50,9790,0
5044770,game_top_seller,【Steam売上上位！】,デスゲームの報告書,500円,https://store.steampowered.com/app/5044770/,Steam Store,2026-09-02 11:59:50,500,0
2288340,game_top_seller,【Steam売上上位！】,ACE COMBAT 8: WINGS OF THEVE,9790円,https://store.steampowered.com/app/2288340/,Steam Store,2026-09-02 11:59:50,9790,0
4001890,game_top_seller,【Steam売上上位！】,How to Fish,880円,https://store.steampowered.com/app/4001890/,Steam Store,2026-09-02 11:59:50,880,0
3859630,game_top_seller,【Steam売上上位！】,METAL GEAR SOLID: MASTER COLLECTION Vol.2,6600円,https://store.steampowered.com/app/3859630/,Steam Store,2026-09-02 11:59:50,6600,0
https://www.gizmodo.jp/article/amazon_smile-sale_2026_september-real-buy/,gadget_sale,【ガジェットセール! (セール)】,ギズモード・ジャパンのみんながAmazonスマイルセールで買ったもの、全見せします【9/2更新】,価格は記事を参照,https://www.gizmodo.jp/article/amazon_smile-sale_2026_september-real-buy/,Gizmodo Japan,2026-09-02 11:59:50,,0
https://www.gizmodo.jp/article/3coins-cd-player/,gadget_new,【ガジェット新着! (発売)】,"レトロブームの波はCDプレイヤーにも。3COINSが6,600円の卓上プレイヤー発売","6,600円",https://www.gizmodo.jp/article/3coins-cd-player/,Gizmodo Japan,2026-09-02 11:59:50,,0
https://pc.watch.impress.co.jp/docs/news/2137594.html,gadget_new,【ガジェット新着! (発売)】,デル、11%薄くなった「Dell Pro Essential 14/15」を発売 ,"203,915円",https://pc.watch.impress.co.jp/docs/news/2137594.html,PC Watch,2026-09-02 11:59:50,,0
https://pc.watch.impress.co.jp/docs/news/todays_sales/2137524.html,gadget_sale,【ガジェットセール! (セール)】,【本日みつけたお買い得品】TourBoxの左手デバイスが約8千円引きでセール中,"31,968円",https://pc.watch.impress.co.jp/docs/news/todays_sales/2137524.html,PC Watch,2026-09-02 11:59:50,,0
4656000,game_sale,【Steamセール中! 38%OFF】,BOMBANANA!,651円,https://store.steampowered.com/app/4656000/,Steam Store,2026-09-03 11:59:27,1050,38
3718190,game_sale,【Steamセール中! 20%OFF】,スーパーリアル麻雀 Venus Returns,3984円,https://store.steampowered.com/app/3718190/,Steam Store,2026-09-03 11:59:27,4980,20
251570,game_sale,【Steamセール中! 45%OFF】,7 Days to Die,2695円,https://store.steampowered.com/app/251570/,Steam Store,2026-09-03 11:59:27,4900,45
3321460,game_sale,【Steamセール中! 20%OFF】,紅の砂漠 Enhanced,7744円,https://store.steampowered.com/app/3321460/,Steam Store,2026-09-03 11:59:27,9680,20
1623730,game_sale,【Steamセール中! 30%OFF】,Palworld / パルワールド,2380円,https://store.steampowered.com/app/1623730/,Steam Store,2026-09-03 11:59:27,3400,30
1364780,game_sale,【Steamセール中! 50%OFF】,Street Fighter 6,2495円,https://store.steampowered.com/app/1364780/,Steam Store,2026-09-03 11:59:27,4990,50
648800,game_sale,【Steamセール中! 33%OFF】,Raft,1742円,https://store.steampowered.com/app/648800/,Steam Store,2026-09-03 11:59:27,2600,33
2350790,game_sale,【Steamセール中! 30%OFF】,Moonlighter 2: The Endless Vault,2380円,https://store.steampowered.com/app/2350790/,Steam Store,2026-09-03 11:59:27,3400,30
2483190,game_sale,【Steamセール中! 15%OFF】,Forza Horizon 6,8330円,https://store.steampowered.com/app/2483190/,Steam Store,2026-09-03 11:59:27,9800,15
3240220,game_sale,【Steamセール中! 56%OFF】,グランド・セフト・オートV エンハンスト,2851円,https://store.steampowered.com/app/3240220/,Steam Store,2026-09-03 11:59:27,6480,56
2638890,game_top_seller,【Steam売上上位！】,鬼武者 Way of the Sword,8990円,https://store.steampowered.com/app/2638890/,Steam Store,2026-09-03 11:59:27,8990,0
1867240,game_top_seller,【Steam売上上位！】,WARDOGS,4980円,https://store.steampowered.com/app/1867240/,Steam Store,2026-09-03 11:59:27,4980,0
81880,game_top_seller,【Steam売上上位！】,スーパーリアル麻雀 Venus Returns - VRモード同梱セット,4733円,https://store.steampowered.com/app/81880/,Steam Store,2026-09-03 11:59:27,6961,20
4001890,game_top_seller,【Steam売上上位！】,How to Fish,880円,https://store.steampowered.com/app/4001890/,Steam Store,2026-09-03 11:59:27,880,0
5044770,game_top_seller,【Steam売上上位！】,デスゲームの報告書,500円,https://store.steampowered.com/app/5044770/,Steam Store,2026-09-03 11:59:27,500,0
https://www.gizmodo.jp/article/amazon_smile-sale_2026_september-real-buy/,gadget_sale,【ガジェットセール! (セール)】,ギズモード・ジャパンのみんながAmazonスマイルセールで買ったもの、全見せします【9/3更新】,価格は記事を参照,https://www.gizmodo.jp/article/amazon_smile-sale_2026_september-real-buy/,Gizmodo Japan,2026-09-03 11:59:27,,0
https://www.gizmodo.jp/article/iphone-18-pro-pro-max-rumors-summary/,gadget_new,【ガジェット新着! (発売)】,【噂まとめ】発表間近！iPhone 18 Pro／Pro Maxの発売日・価格・スペックのすべて（9/3 更新）,価格は記事を参照,https://www.gizmodo.jp/article/iphone-18-pro-pro-max-rumors-summary/,Gizmodo Japan,2026-09-03 11:59:27,,0
https://pc.watch.impress.co.jp/docs/news/2138048.html,gadget_new,【ガジェット新着! (Amazon)】,MSI、約1.2kgのCore 5搭載13.3型ノート、Amazon限定で発売 ,"154,800円",https://pc.watch.impress.co.jp/docs/news/2138048.html,PC Watch,2026-09-03 11:59:27,,0
https://pc.watch.impress.co.jp/docs/news/2137979.html,gadget_new,【ガジェット新着! (登場)】,画像生成AI「Google Pics」登場。Googleドキュメントやスライドで画像編集可 ,価格は記事を参照,https://pc.watch.impress.co.jp/docs/news/2137979.html,PC Watch,2026-09-03 11:59:27,,0
https://pc.watch.impress.co.jp/docs/news/2137958.html,gadget_new,【ガジェット新着! (発売)】,17万円からの8GB版Surface Pro/Laptop発売、Copilot+機能に制限 ,"170,280円",https://pc.watch.impress.co.jp/docs/news/2137958.html,PC Watch,2026-09-03 11:59:27,,0
https://pc.watch.impress.co.jp/docs/news/2137952.html,gadget_new,【ガジェット新着! (登場)】,「Gemini 3.8 Flash」登場。推論とコーディングでGoogle最高をうたい、視覚も強い 〜「Gemini 3.8 Flash Cyber」は脆弱性発見でGPT超えの首位,価格は記事を参照,https://pc.watch.impress.co.jp/docs/news/2137952.html,PC Watch,2026-09-03 11:59:27,,0
https://pc.watch.impress.co.jp/docs/news/2137920.html,gadget_new,【ガジェット新着! (登場)】,一部でFable 5超え、わずか3週間で改良版「Qwen3.8-Max-0902」登場 ,価格は記事を参照,https://pc.watch.impress.co.jp/docs/news/2137920.html,PC Watch,2026-09-03 11:59:27,,0
https://pc.watch.impress.co.jp/docs/news/todays_sales/2137861.html,gadget_sale,【ガジェットセール! (セール)】,"【本日みつけたお買い得品】エルゴトロンのモニターアームがセールで1万6,380円に","16,380円",https://pc.watch.impress.co.jp/docs/news/todays_sales/2137861.html,PC Watch,2026-09-03 11:59:27,,0
2798330,game_sale,【Steamセール中! 15%OFF】,ダンジョンセトラーズ Dungeon Settlers,2108円,https://store.steampowered.com/app/2798330/,Steam Store,2026-09-04 12:01:09,2480,15
2406770,game_sale,【Steamセール中! 20%OFF】,Bodycam,3120円,https://store.steampowered.com/app/2406770/,Steam Store,2026-09-04 12:01:09,3900,20
4656000,game_sale,【Steamセール中! 38%OFF】,BOMBANANA!,651円,https://store.steampowered.com/app/4656000/,Steam Store,2026-09-04 12:01:09,1050,38
1042550,game_sale,【Steamセール中! 90%OFF】,デジモンストーリー サイバースルゥース ハッカーズメモリー,748円,https://store.steampowered.com/app/1042550/,Steam Store,2026-09-04 12:01:09,7480,90
3321460,game_sale,【Steamセール中! 20%OFF】,紅の砂漠 Enhanced,7744円,https://store.steampowered.com/app/3321460/,Steam Store,2026-09-04 12:01:09,9680,20
3718190,game_sale,【Steamセール中! 20%OFF】,スーパーリアル麻雀 Venus Returns,3984円,https://store.steampowered.com/app/3718190/,Steam Store,2026-09-04 12:01:09,4980,20
1623730,game_sale,【Steamセール中! 30%OFF】,Palworld / パルワールド,2380円,https://store.steampowered.com/app/1623730/,Steam Store,2026-09-04 12:01:09,3400,30
251570,game_sale,【Steamセール中! 45%OFF】,7 Days to Die,2695円,https://store.steampowered.com/app/251570/,Steam Store,2026-09-04 12:01:09,4900,45
3240220,game_sale,【Steamセール中! 56%OFF】,グランド・セフト・オートV エンハンスト,2851円,https://store.steampowered.com/app/3240220/,Steam Store,2026-09-04 12:01:09,6480,56
648800,game_sale,【Steamセール中! 33%OFF】,Raft,1742円,https://store.steampowered.com/app/648800/,Steam Store,2026-09-04 12:01:09,2600,33
2638890,game_top_seller,【Steam売上上位！】,鬼武者 Way of the Sword,8990円,https://store.steampowered.com/app/2638890/,Steam Store,2026-09-04 12:01:09,8990,0
81880,game_top_seller,【Steam売上上位！】,スーパーリアル麻雀 Venus Returns - VRモード同梱セット,4733円,https://store.steampowered.com/app/81880/,Steam Store,2026-09-04 12:01:09,6961,20
1867240,game_top_seller,【Steam売上上位！】,WARDOGS,4980円,https://store.steampowered.com/app/1867240/,Steam Store,2026-09-04 12:01:09,4980,0
3859630,game_top_seller,【Steam売上上位！】,METAL GEAR SOLID: MASTER COLLECTION Vol.2,6600円,https://store.steampowered.com/app/3859630/,Steam Store,2026-09-04 12:01:09,6600,0
4356430,game_top_seller,【Steam売上上位！】,『NBA 2K27』,9460円,https://store.steampowered.com/app/4356430/,Steam Store,2026-09-04 12:01:09,9460,0
https://www.gizmodo.jp/article/sonys-huge-new-party-speaker-is-downright-bone-rattling/,gadget_new,【ガジェット新着! (発売)】,ソニーの“持ち運びレイヴ・パーティー”。大型ワイヤレススピーカー3機種を発売,価格は記事を参照,https://www.gizmodo.jp/article/sonys-huge-new-party-speaker-is-downright-bone-rattling/,Gizmodo Japan,2026-09-04 12:01:09,,0
https://www.gizmodo.jp/article/motorola-edge-70-plus-200-megapixel-camera-pantone-colors/,gadget_new,【ガジェット新着! (登場)】,ミッドレンジ価格に2億画素カメラがきた！ motorola edge 70 plusが登場,"50,000円",https://www.gizmodo.jp/article/motorola-edge-70-plus-200-megapixel-camera-pantone-colors/,Gizmodo Japan,2026-09-04 12:01:09,,0
https://www.gizmodo.jp/article/iphone-18-pro-pro-max-rumors-summary/,gadget_new,【ガジェット新着! (発売)】,【噂まとめ】発表間近！iPhone 18 Pro／Pro Maxの発売日・価格・スペックのすべて（9/4 更新）,価格は記事を参照,https://www.gizmodo.jp/article/iphone-18-pro-pro-max-rumors-summary/,Gizmodo Japan,2026-09-04 12:01:09,,0
https://www.gizmodo.jp/article/iphone-18-18pro-rumors-summary/,gadget_new,【ガジェット新着! (発売)】,【噂まとめ】iPhone 18シリーズが来る！発売日・価格・スペックのすべて（9/4 更新）,価格は記事を参照,https://www.gizmodo.jp/article/iphone-18-18pro-rumors-summary/,Gizmodo Japan,2026-09-04 12:01:09,,0
https://pc.watch.impress.co.jp/docs/news/2138419.html,gadget_new,【ガジェット新着! (発売)】,639gの8型に凝縮、Arc G3 Extreme機「OneXFly APEX Air」発売 ,"298,000円",https://pc.watch.impress.co.jp/docs/news/2138419.html,PC Watch,2026-09-04 12:01:09,,0
https://pc.watch.impress.co.jp/docs/news/2138326.html,gadget_new,【ガジェット新着! (登場)】,20万円切りのRTX 5050ゲーミングノート、GALLERIAから登場 ,"199,980円",https://pc.watch.impress.co.jp/docs/news/2138326.html,PC Watch,2026-09-04 12:01:09,,0
https://pc.watch.impress.co.jp/docs/news/todays_sales/2138222.html,gadget_sale,【ガジェットセール! (クーポン)】,"【本日みつけたお買い得品】熱風で調理するCOSORIのエアフライヤーがクーポンで2,000円引き","11,980円",https://pc.watch.impress.co.jp/docs/news/todays_sales/2138222.html,PC Watch,2026-09-04 12:01:09,,0
https://pc.watch.impress.co.jp/docs/news/2138206.html,gadget_new,【ガジェット新着! (登場)】,AGI能力テストで99.9%、ChatGPTの新モデル「GPT-6 Astra」登場 ,価格は記事を参照,https://pc.watch.impress.co.jp/docs/news/2138206.html,PC Watch,2026-09-04 12:01:09,,0
https://pc.watch.impress.co.jp/docs/news/todays_sales/2138201.html,gadget_sale,【ガジェットセール! (セール)】,【本日みつけたお買い得品】バッファローの最新トラックボール「BSTBB700WHX」がセール中,"5,990円",https://pc.watch.impress.co.jp/docs/news/todays_sales/2138201.html,PC Watch,2026-09-04 12:01:09,,0
https://pc.watch.impress.co.jp/docs/news/2138123.html,gadget_new,【ガジェット新着! (発売)】,RTX Spark搭載PCは10月発売。HermesやOpenClawのワンクリックローカル化も ,価格は記事を参照,https://pc.watch.impress.co.jp/docs/news/2138123.html,PC Watch,2026-09-04 12:01:09,,0
2406770,game_sale,【Steamセール中! 20%OFF】,Bodycam,3120円,https://store.steampowered.com/app/2406770/,Steam Store,2026-09-05 11:10:26,3900,20
2798330,game_sale,【Steamセール中! 15%OFF】,ダンジョンセトラーズ Dungeon Settlers,2108円,https://store.steampowered.com/app/2798330/,Steam Store,2026-09-05 11:10:26,2480,15
4656000,game_sale,【Steamセール中! 38%OFF】,BOMBANANA!,651円,https://store.steampowered.com/app/4656000/,Steam Store,2026-09-05 11:10:26,1050,38
3718190,game_sale,【Steamセール中! 20%OFF】,スーパーリアル麻雀 Venus Returns,3984円,https://store.steampowered.com/app/3718190/,Steam Store,2026-09-05 11:10:26,4980,20
3321460,game_sale,【Steamセール中! 20%OFF】,紅の砂漠 Enhanced,7744円,https://store.steampowered.com/app/3321460/,Steam Store,2026-09-05 11:10:26,9680,20
1042550,game_sale,【Steamセール中! 90%OFF】,デジモンストーリー サイバースルゥース ハッカーズメモリー,748円,https://store.steampowered.com/app/1042550/,Steam Store,2026-09-05 11:10:26,7480,90
1623730,game_sale,【Steamセール中! 30%OFF】,Palworld / パルワールド,2380円,https://store.steampowered.com/app/1623730/,Steam Store,2026-09-05 11:10:26,3400,30
251570,game_sale,【Steamセール中! 45%OFF】,7 Days to Die,2695円,https://store.steampowered.com/app/251570/,Steam Store,2026-09-05 11:10:26,4900,45
3240220,game_sale,【Steamセール中! 56%OFF】,グランド・セフト・オートV エンハンスト,2851円,https://store.steampowered.com/app/3240220/,Steam Store,2026-09-05 11:10:26,6480,56
108600,game_sale,【Steamセール中! 33%OFF】,Project Zomboid,2110円,https://store.steampowered.com/app/108600/,Steam Store,2026-09-05 11:10:26,3150,33
2638890,game_top_seller,【Steam売上上位！】,鬼武者 Way of the Sword,8990円,https://store.steampowered.com/app/2638890/,Steam Store,2026-09-05 11:10:26,8990,0
81880,game_top_seller,【Steam売上上位！】,スーパーリアル麻雀 Venus Returns - VRモード同梱セット,4733円,https://store.steampowered.com/app/81880/,Steam Store,2026-09-05 11:10:26,6961,20
4001890,game_top_seller,【Steam売上上位！】,How to Fish,880円,https://store.steampowered.com/app/4001890/,Steam Store,2026-09-05 11:10:26,880,0
1867240,game_top_seller,【Steam売上上位！】,WARDOGS,4980円,https://store.steampowered.com/app/1867240/,Steam Store,2026-09-05 11:10:26,4980,0
3859630,game_top_seller,【Steam売上上位！】,METAL GEAR SOLID: MASTER COLLECTION Vol.2,6600円,https://store.steampowered.com/app/3859630/,Steam Store,2026-09-05 11:10:26,6600,0
https://www.gizmodo.jp/article/sonys-huge-new-party-speaker-is-downright-bone-rattling/,gadget_new,【ガジェット新着! (発売)】,ソニーの“持ち運びレイヴ・パーティー”。大型ワイヤレススピーカー3機種を発売,価格は記事を参照,https://www.gizmodo.jp/article/sonys-huge-new-party-speaker-is-downright-bone-rattling/,Gizmodo Japan,2026-09-05 11:10:26,,0
https://www.gizmodo.jp/article/motorola-edge-70-plus-200-megapixel-camera-pantone-colors/,gadget_new,【ガジェット新着! (登場)】,ミッドレンジ価格に2億画素カメラがきた！ motorola edge 70 plusが登場,"50,000円",https://www.gizmodo.jp/article/motorola-edge-70-plus-200-megapixel-camera-pantone-colors/,Gizmodo Japan,2026-09-05 11:10:26,,0
https://pc.watch.impress.co.jp/docs/news/2138419.html,gadget_new,【ガジェット新着! (発売)】,639gの8型に凝縮、Arc G3 Extreme機「OneXFly APEX Air」発売 ,"298,000円",https://pc.watch.impress.co.jp/docs/news/2138419.html,PC Watch,2026-09-05 11:10:26,,0
https://pc.watch.impress.co.jp/docs/news/2138326.html,gadget_new,【ガジェット新着! (登場)】,20万円切りのRTX 5050ゲーミングノート、GALLERIAから登場 ,"199,980円",https://pc.watch.impress.co.jp/docs/news/2138326.html,PC Watch,2026-09-05 11:10:26,,0
https://pc.watch.impress.co.jp/docs/news/todays_sales/2138222.html,gadget_sale,【ガジェットセール! (クーポン)】,"【本日みつけたお買い得品】熱風で調理するCOSORIのエアフライヤーがクーポンで2,000円引き","11,980円",https://pc.watch.impress.co.jp/docs/news/todays_sales/2138222.html,PC Watch,2026-09-05 11:10:26,,0
https://pc.watch.impress.co.jp/docs/news/2138206.html,gadget_new,【ガジェット新着! (登場)】,AGI能力テストで99.9%、ChatGPTの新モデル「GPT-6 Astra」登場 ,価格は記事を参照,https://pc.watch.impress.co.jp/docs/news/2138206.html,PC Watch,2026-09-05 11:10:26,,0
https://pc.watch.impress.co.jp/docs/news/todays_sales/2138201.html,gadget_sale,【ガジェットセール! (セール)】,【本日みつけたお買い得品】バッファローの最新トラックボール「BSTBB700WHX」がセール中,"5,990円",https://pc.watch.impress.co.jp/docs/news/todays_sales/2138201.html,PC Watch,2026-09-05 11:10:26,,0
4656000,game_sale,【Steamセール中! 38%OFF】,BOMBANANA!,651円,https://store.steampowered.com/app/4656000/,Steam Store,2026-09-06 11:33:25,1050,38
2406770,game_sale,【Steamセール中! 20%OFF】,Bodycam,3120円,https://store.steampowered.com/app/2406770/,Steam Store,2026-09-06 11:33:25,3900,20
2798330,game_sale,【Steamセール中! 15%OFF】,ダンジョンセトラーズ Dungeon Settlers,2108円,https://store.steampowered.com/app/2798330/,Steam Store,2026-09-06 11:33:25,2480,15
1623730,game_sale,【Steamセール中! 30%OFF】,Palworld / パルワールド,2380円,https://store.steampowered.com/app/1623730/,Steam Store,2026-09-06 11:33:25,3400,30
251570,game_sale,【Steamセール中! 45%OFF】,7 Days to Die,2695円,https://store.steampowered.com/app/251570/,Steam Store,2026-09-06 11:33:25,4900,45
3718190,game_sale,【Steamセール中! 20%OFF】,スーパーリアル麻雀 Venus Returns,3984円,https://store.steampowered.com/app/3718190/,Steam Store,2026-09-06 11:33:25,4980,20
3240220,game_sale,【Steamセール中! 56%OFF】,グランド・セフト・オートV エンハンスト,2851円,https://store.steampowered.com/app/3240220/,Steam Store,2026-09-06 11:33:25,6480,56
3321460,game_sale,【Steamセール中! 20%OFF】,紅の砂漠 Enhanced,7744円,https://store.steampowered.com/app/3321460/,Steam Store,2026-09-06 11:33:25,9680,20
1042550,game_sale,【Steamセール中! 90%OFF】,デジモンストーリー サイバースルゥース ハッカーズメモリー,748円,https://store.steampowered.com/app/1042550/,Steam Store,2026-09-06 11:33:25,7480,90
648800,game_sale,【Steamセール中! 33%OFF】,Raft,1742円,https://store.steampowered.com/app/648800/,Steam Store,2026-09-06 11:33:25,2600,33
2638890,game_top_seller,【Steam売上上位！】,鬼武者 Way of the Sword,8990円,https://store.steampowered.com/app/2638890/,Steam Store,2026-09-06 11:33:25,8990,0
81880,game_top_seller,【Steam売上上位！】,スーパーリアル麻雀 Venus Returns - VRモード同梱セット,4733円,https://store.steampowered.com/app/81880/,Steam Store,2026-09-06 11:33:25,6961,20
1867240,game_top_seller,【Steam売上上位！】,WARDOGS,4980円,https://store.steampowered.com/app/1867240/,Steam Store,2026-09-06 11:33:25,4980,0
4001890,game_top_seller,【Steam売上上位！】,How to Fish,880円,https://store.steampowered.com/app/4001890/,Steam Store,2026-09-06 11:33:25,880,0
https://pc.watch.impress.co.jp/docs/news/2138419.html,gadget_new,【ガジェット新着! (発売)】,639gの8型に凝縮、Arc G3 Extreme機「OneXFly APEX Air」発売 ,"298,000円",https://pc.watch.impress.co.jp/docs/news/2138419.html,PC Watch,2026-09-06 11:33:25,,0
https://pc.watch.impress.co.jp/docs/news/2138326.html,gadget_new,【ガジェット新着! (登場)】,20万円切りのRTX 5050ゲーミングノート、GALLERIAから登場 ,"199,980円",https://pc.watch.impress.co.jp/docs/news/2138326.html,PC Watch,2026-09-06 11:33:25,,0
https://pc.watch.impress.co.jp/docs/news/todays_sales/2138222.html,gadget_sale,【ガジェットセール! (クーポン)】,"【本日みつけたお買い得品】熱風で調理するCOSORIのエアフライヤーがクーポンで2,000円引き","11,980円",https://pc.watch.impress.co.jp/docs/news/todays_sales/2138222.html,PC Watch,2026-09-06 11:33:25,,0
https://pc.watch.impress.co.jp/docs/news/2138206.html,gadget_new,【ガジェット新着! (登場)】,AGI能力テストで99.9%、ChatGPTの新モデル「GPT-6 Astra」登場 ,価格は記事を参照,https://pc.watch.impress.co.jp/docs/news/2138206.html,PC Watch,2026-09-06 11:33:25,,0
https://pc.watch.impress.co.jp/docs/news/todays_sales/2138201.html,gadget_sale,【ガジェットセール! (セール)】,【本日みつけたお買い得品】バッファローの最新トラックボール「BSTBB700WHX」がセール中,"5,990円",https://pc.watch.impress.co.jp/docs/news/todays_sales/2138201.html,PC Watch,2026-09-06 11:33:25,,0
4656000,game_sale,【Steamセール中! 38%OFF】,BOMBANANA!,651円,https://store.steampowered.com/app/4656000/,Steam Store,2026-09-07 13:21:00,1050,38
2406770,game_sale,【Steamセール中! 20%OFF】,Bodycam,3120円,https://store.steampowered.com/app/2406770/,Steam Store,2026-09-07 13:21:00,3900,20
251570,game_sale,【Steamセール中! 45%OFF】,7 Days to Die,2695円,https://store.steampowered.com/app/251570/,Steam Store,2026-09-07 13:21:00,4900,45
3240220,game_sale,【Steamセール中! 56%OFF】,グランド・セフト・オートV エンハンスト,2851円,https://store.steampowered.com/app/3240220/,Steam Store,2026-09-07 13:21:00,6480,56
1623730,game_sale,【Steamセール中! 30%OFF】,Palworld / パルワールド,2380円,https://store.steampowered.com/app/1623730/,Steam Store,2026-09-07 13:21:00,3400,30
2798330,game_sale,【Steamセール中! 15%OFF】,ダンジョンセトラーズ Dungeon Settlers,2108円,https://store.steampowered.com/app/2798330/,Steam Store,2026-09-07 13:21:00,2480,15
3321460,game_sale,【Steamセール中! 20%OFF】,紅の砂漠 Enhanced,7744円,https://store.steampowered.com/app/3321460/,Steam Store,2026-09-07 13:21:00,9680,20
3718190,game_sale,【Steamセール中! 20%OFF】,スーパーリアル麻雀 Venus Returns,3984円,https://store.steampowered.com/app/3718190/,Steam Store,2026-09-07 13:21:00,4980,20
648800,game_sale,【Steamセール中! 33%OFF】,Raft,1742円,https://store.steampowered.com/app/648800/,Steam Store,2026-09-07 13:21:00,2600,33
1364780,game_sale,【Steamセール中! 50%OFF】,Street Fighter 6,2495円,https://store.steampowered.com/app/1364780/,Steam Store,2026-09-07 13:21:00,4990,50
2638890,game_top_seller,【Steam売上上位！】,鬼武者 Way of the Sword,8990円,https://store.steampowered.com/app/2638890/,Steam Store,2026-09-07 13:21:00,8990,0
1867240,game_top_seller,【Steam売上上位！】,WARDOGS,4980円,https://store.steampowered.com/app/1867240/,Steam Store,2026-09-07 13:21:00,4980,0
81880,game_top_seller,【Steam売上上位！】,スーパーリアル麻雀 Venus Returns - VRモード同梱セット,4733円,https://store.steampowered.com/app/81880/,Steam Store,2026-09-07 13:21:00,6961,20
4001890,game_top_seller,【Steam売上上位！】,How to Fish,880円,https://store.steampowered.com/app/4001890/,Steam Store,2026-09-07 13:21:00,880,0
2399830,game_top_seller,【Steam売上上位！】,ARK: Survival Ascended,1690円,https://store.steampowered.com/app/2399830/,Steam Store,2026-09-07 13:21:00,6760,75
https://www.gizmodo.jp/article/iphone-18-18pro-rumors-summary/,gadget_new,【ガジェット新着! (発売)】,【噂まとめ】iPhone 18シリーズが来る！発売日・価格・スペックのすべて（9/7 更新）,価格は記事を参照,https://www.gizmodo.jp/article/iphone-18-18pro-rumors-summary/,Gizmodo Japan,2026-09-07 13:21:00,,0
https://www.gizmodo.jp/article/iphone-18-pro-pro-max-rumors-summary/,gadget_new,【ガジェット新着! (発売)】,【噂まとめ】発表間近！iPhone 18 Pro／Pro Maxの発売日・価格・スペックのすべて（9/7 更新）,価格は記事を参照,https://www.gizmodo.jp/article/iphone-18-pro-pro-max-rumors-summary/,Gizmodo Japan,2026-09-07 13:21:00,,0
https://pc.watch.impress.co.jp/docs/news/2138818.html,gadget_new,【ガジェット新着! (発売)】,ASUS、Wi-Fi 7対応ルーター「TUF Gaming BE3600」など2機種発売 ,価格は記事を参照,https://pc.watch.impress.co.jp/docs/news/2138818.html,PC Watch,2026-09-07 13:21:00,,0
https://pc.watch.impress.co.jp/docs/news/2138794.html,gadget_new,【ガジェット新着! (Amazon)】,マウス、MousePro購入&アンケートで1万5千円のAmazonギフトカード進呈 ,価格は記事を参照,https://pc.watch.impress.co.jp/docs/news/2138794.html,PC Watch,2026-09-07 13:21:00,,0
https://pc.watch.impress.co.jp/docs/news/2138780.html,gadget_new,【ガジェット新着! (発売)】,サードウェーブ、RTX 50シリーズ搭載16型クリエイター向けノートPCを発売 ,"279,980円",https://pc.watch.impress.co.jp/docs/news/2138780.html,PC Watch,2026-09-07 13:21:00,,0
https://pc.watch.impress.co.jp/docs/news/2138706.html,gadget_new,【ガジェット新着! (登場)】,"Ryzen Z1搭載のミニPC「UM750 Neo」が7万9,999円で登場 ","79,999円",https://pc.watch.impress.co.jp/docs/news/2138706.html,PC Watch,2026-09-07 13:21:00,,0
https://pc.watch.impress.co.jp/docs/news/todays_sales/2138693.html,gadget_sale,【ガジェットセール! (セール)】,"【本日みつけたお買い得品】ゲーミングモニターが9,346円引きで1万円台！Amazonセール","17,980円",https://pc.watch.impress.co.jp/docs/news/todays_sales/2138693.html,PC Watch,2026-09-07 13:21:00,,0
https://pc.watch.impress.co.jp/docs/news/2138647.html,gadget_new,【ガジェット新着! (登場)】,ローカルLLMの波、来てる。メモリ192GB搭載ミニPCが登場。MINISFORUMから ,価格は記事を参照,https://pc.watch.impress.co.jp/docs/news/2138647.html,PC Watch,2026-09-07 13:21:00,,0
https://pc.watch.impress.co.jp/docs/news/2138586.html,gadget_sale,【ガジェットセール! (セール)】,"ゲーミングPCが14万9,800円から、パソコン工房でセール ","149,800円",https://pc.watch.impress.co.jp/docs/news/2138586.html,PC Watch,2026-09-07 13:21:00,,0
3357650,game_sale,【Steamセール中! 20%OFF】,PRAGMATA,6392円,https://store.steampowered.com/app/3357650/,Steam Store,2026-09-08 12:01:26,7990,20
4656000,game_sale,【Steamセール中! 38%OFF】,BOMBANANA!,651円,https://store.steampowered.com/app/4656000/,Steam Store,2026-09-08 12:01:26,1050,38
2406770,game_sale,【Steamセール中! 20%OFF】,Bodycam,3120円,https://store.steampowered.com/app/2406770/,Steam Store,2026-09-08 12:01:26,3900,20
1623730,game_sale,【Steamセール中! 30%OFF】,Palworld / パルワールド,2380円,https://store.steampowered.com/app/1623730/,Steam Store,2026-09-08 12:01:26,3400,30
2050650,game_sale,【Steamセール中! 75%OFF】,BIOHAZARD RE:4,997円,https://store.steampowered.com/app/2050650/,Steam Store,2026-09-08 12:01:26,3990,75
3321460,game_sale,【Steamセール中! 20%OFF】,紅の砂漠 Enhanced,7744円,https://store.steampowered.com/app/3321460/,Steam Store,2026-09-08 12:01:26,9680,20
1364780,game_sale,【Steamセール中! 50%OFF】,Street Fighter 6,2495円,https://store.steampowered.com/app/1364780/,Steam Store,2026-09-08 12:01:26,4990,50
3718190,game_sale,【Steamセール中! 20%OFF】,スーパーリアル麻雀 Venus Returns,3984円,https://store.steampowered.com/app/3718190/,Steam Store,2026-09-08 12:01:26,4980,20
3669570,game_sale,【Steamセール中! 20%OFF】,Alchemy Factory,1600円,https://store.steampowered.com/app/3669570/,Steam Store,2026-09-08 12:01:26,2000,20
2050650,game_sale,【Steamセール中! 75%OFF】,BIOHAZARD RE:4,997円,https://store.steampowered.com/app/2050650/,Steam Store,2026-09-08 12:01:26,3990,75
2638890,game_top_seller,【Steam売上上位！】,鬼武者 Way of the Sword,8990円,https://store.steampowered.com/app/2638890/,Steam Store,2026-09-08 12:01:26,8990,0
2246340,game_top_seller,【Steam売上上位！】,モンスターハンターワイルズ,3742円,https://store.steampowered.com/app/2246340/,Steam Store,2026-09-08 12:01:26,4990,25
1867240,game_top_seller,【Steam売上上位！】,WARDOGS,4980円,https://store.steampowered.com/app/1867240/,Steam Store,2026-09-08 12:01:26,4980,0
81880,game_top_seller,【Steam売上上位！】,スーパーリアル麻雀 Venus Returns - VRモード同梱セット,4733円,https://store.steampowered.com/app/81880/,Steam Store,2026-09-08 12:01:26,6961,20
2288340,game_top_seller,【Steam売上上位！】,ACE COMBAT 8: WINGS OF THEVE,9790円,https://store.steampowered.com/app/2288340/,Steam Store,2026-09-08 12:01:26,9790,0
https://pc.watch.impress.co.jp/docs/news/todays_sales/2139015.html,gadget_sale,【ガジェットセール! (セール)】,【本日みつけたお買い得品】ドトールの480mlブラックコーヒー24本入りが約500円引きでセール中,"2,298円",https://pc.watch.impress.co.jp/docs/news/todays_sales/2139015.html,PC Watch,2026-09-08 12:01:26,,0
https://pc.watch.impress.co.jp/docs/news/todays_sales/2138993.html,gadget_sale,【ガジェットセール! (クーポン)】,【本日みつけたお買い得品】パナソニックのBDレコーダがクーポン利用で約1万5千円オトク！,"132,000円",https://pc.watch.impress.co.jp/docs/news/todays_sales/2138993.html,PC Watch,2026-09-08 12:01:26,,0
https://pc.watch.impress.co.jp/docs/news/todays_sales/2138965.html,gadget_sale,【ガジェットセール! (クーポン)】,【本日みつけたお買い得品】8.8型サイズのAndroidタブレットがクーポンで1万円オトク,"49,999円",https://pc.watch.impress.co.jp/docs/news/todays_sales/2138965.html,PC Watch,2026-09-08 12:01:26,,0
https://pc.watch.impress.co.jp/docs/topic/special/2138878.html,gadget_sale,【ガジェットセール! (セール)】,14型ThinkPadが約11万円も安い！直販で決算セール実施中 [Sponsored],"110,000円",https://pc.watch.impress.co.jp/docs/topic/special/2138878.html,PC Watch,2026-09-08 12:01:26,,0
3971950,game_sale,【Steamセール中! 10%OFF】,In Falsus,4482円,https://store.steampowered.com/app/3971950/,Steam Store,2026-09-09 12:12:36,4980,10
4656000,game_sale,【Steamセール中! 38%OFF】,BOMBANANA!,651円,https://store.steampowered.com/app/4656000/,Steam Store,2026-09-09 12:12:36,1050,38
3357650,game_sale,【Steamセール中! 20%OFF】,PRAGMATA,6392円,https://store.steampowered.com/app/3357650/,Steam Store,2026-09-09 12:12:36,7990,20
3624140,game_sale,【Steamセール中! 35%OFF】,Wanderburg ワンダーバーグ,975円,https://store.steampowered.com/app/3624140/,Steam Store,2026-09-09 12:12:36,1500,35
3321460,game_sale,【Steamセール中! 20%OFF】,紅の砂漠 Enhanced,7744円,https://store.steampowered.com/app/3321460/,Steam Store,2026-09-09 12:12:36,9680,20
2406770,game_sale,【Steamセール中! 20%OFF】,Bodycam,3120円,https://store.steampowered.com/app/2406770/,Steam Store,2026-09-09 12:12:36,3900,20
3718190,game_sale,【Steamセール中! 20%OFF】,スーパーリアル麻雀 Venus Returns,3984円,https://store.steampowered.com/app/3718190/,Steam Store,2026-09-09 12:12:36,4980,20
2050650,game_sale,【Steamセール中! 75%OFF】,BIOHAZARD RE:4,997円,https://store.steampowered.com/app/2050650/,Steam Store,2026-09-09 12:12:36,3990,75
3240220,game_sale,【Steamセール中! 50%OFF】,グランド・セフト・オートV エンハンスト,2190円,https://store.steampowered.com/app/3240220/,Steam Store,2026-09-09 12:12:36,4380,50
3669570,game_sale,【Steamセール中! 20%OFF】,Alchemy Factory,1600円,https://store.steampowered.com/app/3669570/,Steam Store,2026-09-09 12:12:36,2000,20
2638890,game_top_seller,【Steam売上上位！】,鬼武者 Way of the Sword,8990円,https://store.steampowered.com/app/2638890/,Steam Store,2026-09-09 12:12:36,8990,0
4508240,game_top_seller,【Steam売上上位！】,三國志14 パワーアップキット Complete Edition,4950円,https://store.steampowered.com/app/4508240/,Steam Store,2026-09-09 12:12:36,4950,0
3219630,game_top_seller,【Steam売上上位！】,Halloween: The Game,5100円,https://store.steampowered.com/app/3219630/,Steam Store,2026-09-09 12:12:36,5100,0
1867240,game_top_seller,【Steam売上上位！】,WARDOGS,4980円,https://store.steampowered.com/app/1867240/,Steam Store,2026-09-09 12:12:36,4980,0
81880,game_top_seller,【Steam売上上位！】,スーパーリアル麻雀 Venus Returns - VRモード同梱セット,4733円,https://store.steampowered.com/app/81880/,Steam Store,2026-09-09 12:12:36,6961,20
2246340,game_top_seller,【Steam売上上位！】,モンスターハンターワイルズ,3742円,https://store.steampowered.com/app/2246340/,Steam Store,2026-09-09 12:12:36,4990,25
https://pc.watch.impress.co.jp/docs/news/2139278.html,gadget_new,【ガジェット新着! (登場)】,115TOPSのAI性能を名刺サイズに詰め込んだ「LattePanda Mu Ultra」登場 ,"92,100円",https://pc.watch.impress.co.jp/docs/news/2139278.html,PC Watch,2026-09-09 12:12:36,,0
https://pc.watch.impress.co.jp/docs/news/2139541.html,gadget_new,【ガジェット新着! (発売)】,USB-A/Type-Cの2.5Gbps有線LANアダプタ、エレコムが発売 ,"3,980円",https://pc.watch.impress.co.jp/docs/news/2139541.html,PC Watch,2026-09-09 12:12:36,,0
https://pc.watch.impress.co.jp/docs/news/todays_sales/2139313.html,gadget_new,【ガジェット新着! (Amazon)】,"【本日みつけたお買い得品】Wi-Fi 7ルーターが1万3,980円！Amazonで3,010円引き","13,980円",https://pc.watch.impress.co.jp/docs/news/todays_sales/2139313.html,PC Watch,2026-09-09 12:12:36,,0
3971950,game_sale,【Steamセール中! 10%OFF】,In Falsus,4482円,https://store.steampowered.com/app/3971950/,Steam Store,2026-09-10 12:06:15,4980,10
2406770,game_sale,【Steamセール中! 20%OFF】,Bodycam,3120円,https://store.steampowered.com/app/2406770/,Steam Store,2026-09-10 12:06:15,3900,20
3357650,game_sale,【Steamセール中! 20%OFF】,PRAGMATA,6392円,https://store.steampowered.com/app/3357650/,Steam Store,2026-09-10 12:06:15,7990,20
4030150,game_sale,【Steamセール中! 10%OFF】,幻世録 リメイク,2682円,https://store.steampowered.com/app/4030150/,Steam Store,2026-09-10 12:06:15,2980,10
275850,game_sale,【Steamセール中! 60%OFF】,No Man's Sky,2600円,https://store.steampowered.com/app/275850/,Steam Store,2026-09-10 12:06:15,6500,60
3123060,game_sale,【Steamセール中! 10%OFF】,Warlord: Awaji,2682円,https://store.steampowered.com/app/3123060/,Steam Store,2026-09-10 12:06:15,2980,10
3624140,game_sale,【Steamセール中! 35%OFF】,Wanderburg ワンダーバーグ,975円,https://store.steampowered.com/app/3624140/,Steam Store,2026-09-10 12:06:15,1500,35
2050650,game_sale,【Steamセール中! 75%OFF】,BIOHAZARD RE:4,997円,https://store.steampowered.com/app/2050650/,Steam Store,2026-09-10 12:06:15,3990,75
2798330,game_sale,【Steamセール中! 15%OFF】,ダンジョンセトラーズ Dungeon Settlers,2108円,https://store.steampowered.com/app/2798330/,Steam Store,2026-09-10 12:06:15,2480,15
3240220,game_sale,【Steamセール中! 50%OFF】,グランド・セフト・オートV エンハンスト,2190円,https://store.steampowered.com/app/3240220/,Steam Store,2026-09-10 12:06:15,4380,50
85901,game_top_seller,【Steam売上上位！】,東方紅魔郷：New Classic　～ the Embodiment of Scarlet Devil.　デラックス版,2966円,https://store.steampowered.com/app/85901/,Steam Store,2026-09-10 12:06:15,3490,0
85900,game_top_seller,【Steam売上上位！】,東方紅魔郷：New Classic　～ the Embodiment of Scarlet Devil.,1990円,https://store.steampowered.com/app/85900/,Steam Store,2026-09-10 12:06:15,1990,0
1867240,game_top_seller,【Steam売上上位！】,WARDOGS,4980円,https://store.steampowered.com/app/1867240/,Steam Store,2026-09-10 12:06:15,4980,0
4027450,game_top_seller,【Steam売上上位！】,トルネコの大冒険 不思議のダンジョン　ちょっとステキなリマスター,3520円,https://store.steampowered.com/app/4027450/,Steam Store,2026-09-10 12:06:15,3520,0
4214960,game_top_seller,【Steam売上上位！】,ロマンシング サガ3 デスティニーユナイテッド,7480円,https://store.steampowered.com/app/4214960/,Steam Store,2026-09-10 12:06:15,7480,0
2638890,game_top_seller,【Steam売上上位！】,鬼武者 Way of the Sword,8990円,https://store.steampowered.com/app/2638890/,Steam Store,2026-09-10 12:06:15,8990,0
4508240,game_top_seller,【Steam売上上位！】,三國志14 パワーアップキット Complete Edition,4950円,https://store.steampowered.com/app/4508240/,Steam Store,2026-09-10 12:06:15,4950,0
892970,game_top_seller,【Steam売上上位！】,Valheim,3400円,https://store.steampowered.com/app/892970/,Steam Store,2026-09-10 12:06:15,3400,0
3718190,game_top_seller,【Steam売上上位！】,スーパーリアル麻雀 Venus Returns,4980円,https://store.steampowered.com/app/3718190/,Steam Store,2026-09-10 12:06:15,4980,0
https://www.gizmodo.jp/article/orca-echo-review/,gadget_new,【ガジェット新着! (レビュー)】,「Orca echo」が許せないから、攫ってレビューしてやった,価格は記事を参照,https://www.gizmodo.jp/article/orca-echo-review/,Gizmodo Japan,2026-09-10 12:06:15,,0
https://www.gizmodo.jp/article/iphone-18-pro-pro-max-rumors-summary/,gadget_new,【ガジェット新着! (発売)】,こんなところが変わったよ。iPhone 18 Pro/Pro Maxの発売日・価格・スペックまとめ,価格は記事を参照,https://www.gizmodo.jp/article/iphone-18-pro-pro-max-rumors-summary/,Gizmodo Japan,2026-09-10 12:06:15,,0
275850,game_sale,【Steamセール中! 60%OFF】,No Man's Sky,2600円,https://store.steampowered.com/app/275850/,Steam Store,2026-09-11 12:04:33,6500,60
4739660,game_sale,【Steamセール中! 10%OFF】,Drag'n Wash,1710円,https://store.steampowered.com/app/4739660/,Steam Store,2026-09-11 12:04:33,1900,10
3357650,game_sale,【Steamセール中! 20%OFF】,PRAGMATA,6392円,https://store.steampowered.com/app/3357650/,Steam Store,2026-09-11 12:04:33,7990,20
1850570,game_sale,【Steamセール中! 75%OFF】,DEATH STRANDING DIRECTOR'S CUT,1245円,https://store.steampowered.com/app/1850570/,Steam Store,2026-09-11 12:04:33,4980,75
3240220,game_sale,【Steamセール中! 50%OFF】,グランド・セフト・オートV エンハンスト,2190円,https://store.steampowered.com/app/3240220/,Steam Store,2026-09-11 12:04:33,4380,50
3971950,game_sale,【Steamセール中! 10%OFF】,In Falsus,4482円,https://store.steampowered.com/app/3971950/,Steam Store,2026-09-11 12:04:33,4980,10
2060160,game_sale,【Steamセール中! 20%OFF】,農家は Replace() されました,960円,https://store.steampowered.com/app/2060160/,Steam Store,2026-09-11 12:04:33,1200,20
2050650,game_sale,【Steamセール中! 75%OFF】,BIOHAZARD RE:4,997円,https://store.steampowered.com/app/2050650/,Steam Store,2026-09-11 12:04:33,3990,75
3624140,game_sale,【Steamセール中! 35%OFF】,Wanderburg ワンダーバーグ,975円,https://store.steampowered.com/app/3624140/,Steam Store,2026-09-11 12:04:33,1500,35
3241660,game_sale,【Steamセール中! 35%OFF】,R.E.P.O.,780円,https://store.steampowered.com/app/3241660/,Steam Store,2026-09-11 12:04:33,1200,35
1867240,game_top_seller,【Steam売上上位！】,WARDOGS,4980円,https://store.steampowered.com/app/1867240/,Steam Store,2026-09-11 12:04:33,4980,0
85900,game_top_seller,【Steam売上上位！】,東方紅魔郷：New Classic　～ the Embodiment of Scarlet Devil.,1990円,https://store.steampowered.com/app/85900/,Steam Store,2026-09-11 12:04:33,1990,0
2638890,game_top_seller,【Steam売上上位！】,鬼武者 Way of the Sword,8990円,https://store.steampowered.com/app/2638890/,Steam Store,2026-09-11 12:04:33,8990,0
85901,game_top_seller,【Steam売上上位！】,東方紅魔郷：New Classic　～ the Embodiment of Scarlet Devil.　デラックス版,2966円,https://store.steampowered.com/app/85901/,Steam Store,2026-09-11 12:04:33,3490,0
4027450,game_top_seller,【Steam売上上位！】,トルネコの大冒険 不思議のダンジョン　ちょっとステキなリマスター,3520円,https://store.steampowered.com/app/4027450/,Steam Store,2026-09-11 12:04:33,3520,0
4214960,game_top_seller,【Steam売上上位！】,ロマンシング サガ3 デスティニーユナイテッド,7480円,https://store.steampowered.com/app/4214960/,Steam Store,2026-09-11 12:04:33,7480,0
1746527,game_top_seller,【Steam売上上位！】,WARDOGS - Supporter Edition,6200円,https://store.steampowered.com/app/1746527/,Steam Store,2026-09-11 12:04:33,6200,0
4508240,game_top_seller,【Steam売上上位！】,三國志14 パワーアップキット Complete Edition,4950円,https://store.steampowered.com/app/4508240/,Steam Store,2026-09-11 12:04:33,4950,0
2246340,game_top_seller,【Steam売上上位！】,モンスターハンターワイルズ,3742円,https://store.steampowered.com/app/2246340/,Steam Store,2026-09-11 12:04:33,4990,25
2437280,game_top_seller,【Steam売上上位！】,「オーバーウォッチ® 」 - インベージョン・バンドル,787円,https://store.steampowered.com/app/2437280/,Steam Store,2026-09-11 12:04:33,2250,65
https://www.gizmodo.jp/article/2609-iphone-18-pro-duo-career-release-price/,gadget_new,【ガジェット新着! (発売)】,iPhone 18 Pro、iPhone Duoのau、楽天、ソフトバンク、ドコモでの発売日・本体価格・キャンペーン情報まとめ,価格は記事を参照,https://www.gizmodo.jp/article/2609-iphone-18-pro-duo-career-release-price/,Gizmodo Japan,2026-09-11 12:04:33,,0
https://pc.watch.impress.co.jp/docs/news/2140170.html,gadget_new,【ガジェット新着! (発売)】,9800X3D+RTX 5080のゲーミングPC、GIGABYTEが量販店で発売 ,"670,000円",https://pc.watch.impress.co.jp/docs/news/2140170.html,PC Watch,2026-09-11 12:04:33,,0
https://pc.watch.impress.co.jp/docs/news/2140107.html,gadget_new,【ガジェット新着! (登場)】,Windows版「Gemini」アプリ登場、Alt+Spaceで即起動 ,価格は記事を参照,https://pc.watch.impress.co.jp/docs/news/2140107.html,PC Watch,2026-09-11 12:04:33,,0
https://pc.watch.impress.co.jp/docs/news/todays_sales/2140083.html,gadget_sale,【ガジェットセール! (クーポン)】,【本日みつけたお買い得品】Ryzen 7搭載ミニPCがクーポン適用で1万2千円引き,"67,998円",https://pc.watch.impress.co.jp/docs/news/todays_sales/2140083.html,PC Watch,2026-09-11 12:04:33,,0
275850,game_sale,【Steamセール中! 60%OFF】,No Man's Sky,2600円,https://store.steampowered.com/app/275850/,Steam Store,2026-09-12 11:31:02,6500,60
3357650,game_sale,【Steamセール中! 20%OFF】,PRAGMATA,6392円,https://store.steampowered.com/app/3357650/,Steam Store,2026-09-12 11:31:02,7990,20
4739660,game_sale,【Steamセール中! 10%OFF】,Drag'n Wash,1710円,https://store.steampowered.com/app/4739660/,Steam Store,2026-09-12 11:31:02,1900,10
2060160,game_sale,【Steamセール中! 20%OFF】,農家は Replace() されました,960円,https://store.steampowered.com/app/2060160/,Steam Store,2026-09-12 11:31:02,1200,20
3240220,game_sale,【Steamセール中! 50%OFF】,グランド・セフト・オートV エンハンスト,2190円,https://store.steampowered.com/app/3240220/,Steam Store,2026-09-12 11:31:02,4380,50
3971950,game_sale,【Steamセール中! 10%OFF】,In Falsus,4482円,https://store.steampowered.com/app/3971950/,Steam Store,2026-09-12 11:31:02,4980,10
1850570,game_sale,【Steamセール中! 75%OFF】,DEATH STRANDING DIRECTOR'S CUT,1245円,https://store.steampowered.com/app/1850570/,Steam Store,2026-09-12 11:31:02,4980,75
2050650,game_sale,【Steamセール中! 75%OFF】,BIOHAZARD RE:4,997円,https://store.steampowered.com/app/2050650/,Steam Store,2026-09-12 11:31:02,3990,75
3624140,game_sale,【Steamセール中! 35%OFF】,Wanderburg ワンダーバーグ,975円,https://store.steampowered.com/app/3624140/,Steam Store,2026-09-12 11:31:02,1500,35
692569,game_sale,【Steamセール中! 84%OFF】,Monster Hunter Rise + Sunbreak,958円,https://store.steampowered.com/app/692569/,Steam Store,2026-09-12 11:31:02,5990,84
1867240,game_top_seller,【Steam売上上位！】,WARDOGS,4980円,https://store.steampowered.com/app/1867240/,Steam Store,2026-09-12 11:31:02,4980,0
2638890,game_top_seller,【Steam売上上位！】,鬼武者 Way of the Sword,8990円,https://store.steampowered.com/app/2638890/,Steam Store,2026-09-12 11:31:02,8990,0
85900,game_top_seller,【Steam売上上位！】,東方紅魔郷：New Classic　～ the Embodiment of Scarlet Devil.,1990円,https://store.steampowered.com/app/85900/,Steam Store,2026-09-12 11:31:02,1990,0
4027450,game_top_seller,【Steam売上上位！】,トルネコの大冒険 不思議のダンジョン　ちょっとステキなリマスター,3520円,https://store.steampowered.com/app/4027450/,Steam Store,2026-09-12 11:31:02,3520,0
85901,game_top_seller,【Steam売上上位！】,東方紅魔郷：New Classic　～ the Embodiment of Scarlet Devil.　デラックス版,2966円,https://store.steampowered.com/app/85901/,Steam Store,2026-09-12 11:31:02,3490,0
2288340,game_top_seller,【Steam売上上位！】,ACE COMBAT 8: WINGS OF THEVE,9790円,https://store.steampowered.com/app/2288340/,Steam Store,2026-09-12 11:31:02,9790,0
1746527,game_top_seller,【Steam売上上位！】,WARDOGS - Supporter Edition,6200円,https://store.steampowered.com/app/1746527/,Steam Store,2026-09-12 11:31:02,6200,0
4214960,game_top_seller,【Steam売上上位！】,ロマンシング サガ3 デスティニーユナイテッド,7480円,https://store.steampowered.com/app/4214960/,Steam Store,2026-09-12 11:31:02,7480,0
892970,game_top_seller,【Steam売上上位！】,Valheim,3400円,https://store.steampowered.com/app/892970/,Steam Store,2026-09-12 11:31:02,3400,0
2246340,game_top_seller,【Steam売上上位！】,モンスターハンターワイルズ,3742円,https://store.steampowered.com/app/2246340/,Steam Store,2026-09-12 11:31:02,4990,25
https://www.gizmodo.jp/article/level-lock-pro-review-as-good-as-a-secret-smart-lock-gets-spc/,gadget_new,【ガジェット新着! (レビュー)】,これスマホで開くの？ 見た目がクラシカルなスマートロック「Level Lock Pro」レビュー,価格は記事を参照,https://www.gizmodo.jp/article/level-lock-pro-review-as-good-as-a-secret-smart-lock-gets-spc/,Gizmodo Japan,2026-09-12 11:31:02,,0
https://pc.watch.impress.co.jp/docs/news/2140170.html,gadget_new,【ガジェット新着! (発売)】,9800X3D+RTX 5080のゲーミングPC、GIGABYTEが量販店で発売 ,"670,000円",https://pc.watch.impress.co.jp/docs/news/2140170.html,PC Watch,2026-09-12 11:31:02,,0
https://pc.watch.impress.co.jp/docs/news/2140107.html,gadget_new,【ガジェット新着! (登場)】,Windows版「Gemini」アプリ登場、Alt+Spaceで即起動 ,価格は記事を参照,https://pc.watch.impress.co.jp/docs/news/2140107.html,PC Watch,2026-09-12 11:31:02,,0
https://pc.watch.impress.co.jp/docs/news/todays_sales/2140083.html,gadget_sale,【ガジェットセール! (クーポン)】,【本日みつけたお買い得品】Ryzen 7搭載ミニPCがクーポン適用で1万2千円引き,"67,998円",https://pc.watch.impress.co.jp/docs/news/todays_sales/2140083.html,PC Watch,2026-09-12 11:31:02,,0
3357650,game_sale,【Steamセール中! 20%OFF】,PRAGMATA,6392円,https://store.steampowered.com/app/3357650/,Steam Store,2026-09-13 12:36:09,7990,20
275850,game_sale,【Steamセール中! 60%OFF】,No Man's Sky,2600円,https://store.steampowered.com/app/275850/,Steam Store,2026-09-13 12:36:09,6500,60
252490,game_sale,【Steamセール中! 50%OFF】,Rust,2300円,https://store.steampowered.com/app/252490/,Steam Store,2026-09-13 12:36:09,4600,50
4108000,game_sale,【Steamセール中! 20%OFF】,Machine Party,760円,https://store.steampowered.com/app/4108000/,Steam Store,2026-09-13 12:36:09,950,20
3892270,game_sale,【Steamセール中! 38%OFF】,Gamble With Your Friends,570円,https://store.steampowered.com/app/3892270/,Steam Store,2026-09-13 12:36:09,920,38
3240220,game_sale,【Steamセール中! 50%OFF】,グランド・セフト・オートV エンハンスト,2190円,https://store.steampowered.com/app/3240220/,Steam Store,2026-09-13 12:36:09,4380,50
2060160,game_sale,【Steamセール中! 20%OFF】,農家は Replace() されました,960円,https://store.steampowered.com/app/2060160/,Steam Store,2026-09-13 12:36:09,1200,20
4739660,game_sale,【Steamセール中! 10%OFF】,Drag'n Wash,1710円,https://store.steampowered.com/app/4739660/,Steam Store,2026-09-13 12:36:09,1900,10
3241660,game_sale,【Steamセール中! 35%OFF】,R.E.P.O.,780円,https://store.steampowered.com/app/3241660/,Steam Store,2026-09-13 12:36:09,1200,35
4594150,game_sale,【Steamセール中! 10%OFF】,司令官、オークの大群です！,899円,https://store.steampowered.com/app/4594150/,Steam Store,2026-09-13 12:36:09,999,10
1867240,game_top_seller,【Steam売上上位！】,WARDOGS,4980円,https://store.steampowered.com/app/1867240/,Steam Store,2026-09-13 12:36:09,4980,0
2638890,game_top_seller,【Steam売上上位！】,鬼武者 Way of the Sword,8990円,https://store.steampowered.com/app/2638890/,Steam Store,2026-09-13 12:36:09,8990,0
85900,game_top_seller,【Steam売上上位！】,東方紅魔郷：New Classic　～ the Embodiment of Scarlet Devil.,1990円,https://store.steampowered.com/app/85900/,Steam Store,2026-09-13 12:36:09,1990,0
4027450,game_top_seller,【Steam売上上位！】,トルネコの大冒険 不思議のダンジョン　ちょっとステキなリマスター,3520円,https://store.steampowered.com/app/4027450/,Steam Store,2026-09-13 12:36:09,3520,0
4001890,game_top_seller,【Steam売上上位！】,How to Fish,880円,https://store.steampowered.com/app/4001890/,Steam Store,2026-09-13 12:36:09,880,0
2246340,game_top_seller,【Steam売上上位！】,モンスターハンターワイルズ,3742円,https://store.steampowered.com/app/2246340/,Steam Store,2026-09-13 12:36:09,4990,25
2288340,game_top_seller,【Steam売上上位！】,ACE COMBAT 8: WINGS OF THEVE,9790円,https://store.steampowered.com/app/2288340/,Steam Store,2026-09-13 12:36:09,9790,0
4704690,game_top_seller,【Steam売上上位！】,めっちゃカメレオン,790円,https://store.steampowered.com/app/4704690/,Steam Store,2026-09-13 12:36:09,790,0
4214960,game_top_seller,【Steam売上上位！】,ロマンシング サガ3 デスティニーユナイテッド,7480円,https://store.steampowered.com/app/4214960/,Steam Store,2026-09-13 12:36:09,7480,0
https://pc.watch.impress.co.jp/docs/news/2140170.html,gadget_new,【ガジェット新着! (発売)】,9800X3D+RTX 5080のゲーミングPC、GIGABYTEが量販店で発売 ,"670,000円",https://pc.watch.impress.co.jp/docs/news/2140170.html,PC Watch,2026-09-13 12:36:09,,0
https://pc.watch.impress.co.jp/docs/news/2140107.html,gadget_new,【ガジェット新着! (登場)】,Windows版「Gemini」アプリ登場、Alt+Spaceで即起動 ,価格は記事を参照,https://pc.watch.impress.co.jp/docs/news/2140107.html,PC Watch,2026-09-13 12:36:09,,0
https://pc.watch.impress.co.jp/docs/news/todays_sales/2140083.html,gadget_sale,【ガジェットセール! (クーポン)】,【本日みつけたお買い得品】Ryzen 7搭載ミニPCがクーポン適用で1万2千円引き,"67,998円",https://pc.watch.impress.co.jp/docs/news/todays_sales/2140083.html,PC Watch,2026-09-13 12:36:09,,0
275850,game_sale,【Steamセール中! 60%OFF】,No Man's Sky,2600円,https://store.steampowered.com/app/275850/,Steam Store,2026-09-14 13:44:21,6500,60
252490,game_sale,【Steamセール中! 50%OFF】,Rust,2300円,https://store.steampowered.com/app/252490/,Steam Store,2026-09-14 13:44:21,4600,50
3357650,game_sale,【Steamセール中! 20%OFF】,PRAGMATA,6392円,https://store.steampowered.com/app/3357650/,Steam Store,2026-09-14 13:44:21,7990,20
3240220,game_sale,【Steamセール中! 50%OFF】,グランド・セフト・オートV エンハンスト,2190円,https://store.steampowered.com/app/3240220/,Steam Store,2026-09-14 13:44:21,4380,50
3892270,game_sale,【Steamセール中! 38%OFF】,Gamble With Your Friends,570円,https://store.steampowered.com/app/3892270/,Steam Store,2026-09-14 13:44:21,920,38
4108000,game_sale,【Steamセール中! 20%OFF】,Machine Party,760円,https://store.steampowered.com/app/4108000/,Steam Store,2026-09-14 13:44:21,950,20
2060160,game_sale,【Steamセール中! 20%OFF】,農家は Replace() されました,960円,https://store.steampowered.com/app/2060160/,Steam Store,2026-09-14 13:44:21,1200,20
2178480,game_sale,【Steamセール中! 50%OFF】,不思議のダンジョン　風来のシレン６　とぐろ島探検録,2990円,https://store.steampowered.com/app/2178480/,Steam Store,2026-09-14 13:44:21,5980,50
4739660,game_sale,【Steamセール中! 10%OFF】,Drag'n Wash,1710円,https://store.steampowered.com/app/4739660/,Steam Store,2026-09-14 13:44:21,1900,10
3241660,game_sale,【Steamセール中! 35%OFF】,R.E.P.O.,780円,https://store.steampowered.com/app/3241660/,Steam Store,2026-09-14 13:44:21,1200,35
1867240,game_top_seller,【Steam売上上位！】,WARDOGS,4980円,https://store.steampowered.com/app/1867240/,Steam Store,2026-09-14 13:44:21,4980,0
2638890,game_top_seller,【Steam売上上位！】,鬼武者 Way of the Sword,8990円,https://store.steampowered.com/app/2638890/,Steam Store,2026-09-14 13:44:21,8990,0
2288340,game_top_seller,【Steam売上上位！】,ACE COMBAT 8: WINGS OF THEVE,9790円,https://store.steampowered.com/app/2288340/,Steam Store,2026-09-14 13:44:21,9790,0
85900,game_top_seller,【Steam売上上位！】,東方紅魔郷：New Classic　～ the Embodiment of Scarlet Devil.,1990円,https://store.steampowered.com/app/85900/,Steam Store,2026-09-14 13:44:21,1990,0
4027450,game_top_seller,【Steam売上上位！】,トルネコの大冒険 不思議のダンジョン　ちょっとステキなリマスター,3520円,https://store.steampowered.com/app/4027450/,Steam Store,2026-09-14 13:44:21,3520,0
2246340,game_top_seller,【Steam売上上位！】,モンスターハンターワイルズ,3742円,https://store.steampowered.com/app/2246340/,Steam Store,2026-09-14 13:44:21,4990,25
47025,game_top_seller,【Steam売上上位！】,不思議のダンジョン　風来のシレン６　とぐろ島探検録　plusパックセット,3462円,https://store.steampowered.com/app/47025/,Steam Store,2026-09-14 13:44:21,7960,50
892970,game_top_seller,【Steam売上上位！】,Valheim,3400円,https://store.steampowered.com/app/892970/,Steam Store,2026-09-14 13:44:21,3400,0
https://www.gizmodo.jp/article/solid-state-nuclear-battery-power-cell-url/,gadget_new,【ガジェット新着! (発売)】,100年間使い続けられる「固体型原子力電池」発売へ,価格は記事を参照,https://www.gizmodo.jp/article/solid-state-nuclear-battery-power-cell-url/,Gizmodo Japan,2026-09-14 13:44:21,,0
https://pc.watch.impress.co.jp/docs/news/2140590.html,gadget_new,【ガジェット新着! (登場)】,部下は数千のAIエージェント。Cursor「Projects」登場 ,価格は記事を参照,https://pc.watch.impress.co.jp/docs/news/2140590.html,PC Watch,2026-09-14 13:44:21,,0
3375780,game_sale,【Steamセール中! 50%OFF】,空の軌跡 the 1st,4400円,https://store.steampowered.com/app/3375780/,Steam Store,2026-09-15 12:30:59,8800,50
1086940,game_sale,【Steamセール中! 30%OFF】,Baldur's Gate 3,5949円,https://store.steampowered.com/app/1086940/,Steam Store,2026-09-15 12:30:59,8499,30
4557380,game_sale,【Steamセール中! 35%OFF】,バトモン対決,1235円,https://store.steampowered.com/app/4557380/,Steam Store,2026-09-15 12:30:59,1900,35
1984270,game_sale,【Steamセール中! 43%OFF】,デジモンストーリー タイムストレンジャー,5078円,https://store.steampowered.com/app/1984270/,Steam Store,2026-09-15 12:30:59,8910,43
3357650,game_sale,【Steamセール中! 20%OFF】,PRAGMATA,6392円,https://store.steampowered.com/app/3357650/,Steam Store,2026-09-15 12:30:59,7990,20
3070070,game_sale,【Steamセール中! 15%OFF】,TCG Card Shop Simulator,2210円,https://store.steampowered.com/app/3070070/,Steam Store,2026-09-15 12:30:59,2600,15
3681010,game_sale,【Steamセール中! 43%OFF】,仁王３,5517円,https://store.steampowered.com/app/3681010/,Steam Store,2026-09-15 12:30:59,9680,43
686060,game_sale,【Steamセール中! 25%OFF】,Mewgenics,2550円,https://store.steampowered.com/app/686060/,Steam Store,2026-09-15 12:30:59,3400,25
2178480,game_sale,【Steamセール中! 50%OFF】,不思議のダンジョン　風来のシレン６　とぐろ島探検録,2990円,https://store.steampowered.com/app/2178480/,Steam Store,2026-09-15 12:30:59,5980,50
3240220,game_sale,【Steamセール中! 50%OFF】,グランド・セフト・オートV エンハンスト,2190円,https://store.steampowered.com/app/3240220/,Steam Store,2026-09-15 12:30:59,4380,50
1867240,game_top_seller,【Steam売上上位！】,WARDOGS,4980円,https://store.steampowered.com/app/1867240/,Steam Store,2026-09-15 12:30:59,4980,0
2638890,game_top_seller,【Steam売上上位！】,鬼武者 Way of the Sword,8990円,https://store.steampowered.com/app/2638890/,Steam Store,2026-09-15 12:30:59,8990,0
2288340,game_top_seller,【Steam売上上位！】,ACE COMBAT 8: WINGS OF THEVE,9790円,https://store.steampowered.com/app/2288340/,Steam Store,2026-09-15 12:30:59,9790,0
2246340,game_top_seller,【Steam売上上位！】,モンスターハンターワイルズ,3742円,https://store.steampowered.com/app/2246340/,Steam Store,2026-09-15 12:30:59,4990,25
4027450,game_top_seller,【Steam売上上位！】,トルネコの大冒険 不思議のダンジョン　ちょっとステキなリマスター,3520円,https://store.steampowered.com/app/4027450/,Steam Store,2026-09-15 12:30:59,3520,0
2887580,game_top_seller,【Steam売上上位！】,Active Matter,4499円,https://store.steampowered.com/app/2887580/,Steam Store,2026-09-15 12:30:59,4499,0
47025,game_top_seller,【Steam売上上位！】,不思議のダンジョン　風来のシレン６　とぐろ島探検録　plusパックセット,3462円,https://store.steampowered.com/app/47025/,Steam Store,2026-09-15 12:30:59,7960,50
https://www.gizmodo.jp/article/2609-steam-frame-release-price/,gadget_new,【ガジェット新着! (発売)】,19万9980円になっちゃった。ゲーム向けVRマシン「Steam Frame」発売開始,"199,980円",https://www.gizmodo.jp/article/2609-steam-frame-release-price/,Gizmodo Japan,2026-09-15 12:30:59,,0
https://www.gizmodo.jp/article/ios-27-beta-siri-ai-first-impression/,gadget_new,【ガジェット新着! (登場)】,「Siri AI」登場。Dynamic Islandに浮かぶビジュが美しすぎる,価格は記事を参照,https://www.gizmodo.jp/article/ios-27-beta-siri-ai-first-impression/,Gizmodo Japan,2026-09-15 12:30:59,,0
https://pc.watch.impress.co.jp/docs/news/todays_sales/2140994.html,gadget_sale,【ガジェットセール! (Amazon)】,【本日みつけたお買い得品】11万520円引き！レノボのゲーミングノートがAmazonで大幅値引き,"224,280円",https://pc.watch.impress.co.jp/docs/news/todays_sales/2140994.html,PC Watch,2026-09-15 12:30:59,,0
https://pc.watch.impress.co.jp/docs/news/2140960.html,gadget_new,【ガジェット新着! (登場)】,macOS 27 Golden Gate提供開始。Siri AI登場、Intel CPU非対応に ,価格は記事を参照,https://pc.watch.impress.co.jp/docs/news/2140960.html,PC Watch,2026-09-15 12:30:59,,0
https://pc.watch.impress.co.jp/docs/news/2140939.html,gadget_new,【ガジェット新着! (発売)】,"単体でSteamが遊べる「Steam Frame」国内発売、19万9,980円から ","199,980円",https://pc.watch.impress.co.jp/docs/news/2140939.html,PC Watch,2026-09-15 12:30:59,,0
https://pc.watch.impress.co.jp/docs/news/2140790.html,gadget_new,【ガジェット新着! (登場)】,強い、強すぎる。タフブック「FZ-34」がPanther Lake搭載で新登場 ,価格は記事を参照,https://pc.watch.impress.co.jp/docs/news/2140790.html,PC Watch,2026-09-15 12:30:59,,0
https://pc.watch.impress.co.jp/docs/topic/special/2140711.html,gadget_sale,【ガジェットセール! (Amazon)】,4万998円は正直エグい。Ryzen 3ミニPCがAmazonクーポンで大幅安 [Sponsored],"46,998円",https://pc.watch.impress.co.jp/docs/topic/special/2140711.html,PC Watch,2026-09-15 12:30:59,,0
https://pc.watch.impress.co.jp/docs/news/2140590.html,gadget_new,【ガジェット新着! (登場)】,部下は数千のAIエージェント。Cursor「Projects」登場 ,価格は記事を参照,https://pc.watch.impress.co.jp/docs/news/2140590.html,PC Watch,2026-09-15 12:30:59,,0
2402680,game_sale,【Steamセール中! 10%OFF】,ディムレイス,2494円,https://store.steampowered.com/app/2402680/,Steam Store,2026-09-16 12:29:00,2772,10
3375780,game_sale,【Steamセール中! 50%OFF】,空の軌跡 the 1st,4400円,https://store.steampowered.com/app/3375780/,Steam Store,2026-09-16 12:29:00,8800,50
1086940,game_sale,【Steamセール中! 30%OFF】,Baldur's Gate 3,5949円,https://store.steampowered.com/app/1086940/,Steam Store,2026-09-16 12:29:00,8499,30
3357650,game_sale,【Steamセール中! 20%OFF】,PRAGMATA,6392円,https://store.steampowered.com/app/3357650/,Steam Store,2026-09-16 12:29:00,7990,20
4557380,game_sale,【Steamセール中! 35%OFF】,バトモン対決,1235円,https://store.steampowered.com/app/4557380/,Steam Store,2026-09-16 12:29:00,1900,35
3240220,game_sale,【Steamセール中! 50%OFF】,グランド・セフト・オートV エンハンスト,2190円,https://store.steampowered.com/app/3240220/,Steam Store,2026-09-16 12:29:00,4380,50
2178480,game_sale,【Steamセール中! 50%OFF】,不思議のダンジョン　風来のシレン６　とぐろ島探検録,2990円,https://store.steampowered.com/app/2178480/,Steam Store,2026-09-16 12:29:00,5980,50
1390270,game_sale,【Steamセール中! 25%OFF】,ディアブロ IV: 憎悪の帝王™ - スタンダードエディション,3600円,https://store.steampowered.com/app/1390270/,Steam Store,2026-09-16 12:29:00,4800,25
252490,game_sale,【Steamセール中! 50%OFF】,Rust,2300円,https://store.steampowered.com/app/252490/,Steam Store,2026-09-16 12:29:00,4600,50
1984270,game_sale,【Steamセール中! 43%OFF】,デジモンストーリー タイムストレンジャー,5078円,https://store.steampowered.com/app/1984270/,Steam Store,2026-09-16 12:29:00,8910,43
1867240,game_top_seller,【Steam売上上位！】,WARDOGS,4980円,https://store.steampowered.com/app/1867240/,Steam Store,2026-09-16 12:29:00,4980,0
2638890,game_top_seller,【Steam売上上位！】,鬼武者 Way of the Sword,8990円,https://store.steampowered.com/app/2638890/,Steam Store,2026-09-16 12:29:00,8990,0
2288340,game_top_seller,【Steam売上上位！】,ACE COMBAT 8: WINGS OF THEVE,9790円,https://store.steampowered.com/app/2288340/,Steam Store,2026-09-16 12:29:00,9790,0
1374490,game_top_seller,【Steam売上上位！】,RuneScape: Dragonwilds ルーンスケープ：ドラゴンワイルズ,3400円,https://store.steampowered.com/app/1374490/,Steam Store,2026-09-16 12:29:00,3400,0
2246340,game_top_seller,【Steam売上上位！】,モンスターハンターワイルズ,3742円,https://store.steampowered.com/app/2246340/,Steam Store,2026-09-16 12:29:00,4990,25
4027450,game_top_seller,【Steam売上上位！】,トルネコの大冒険 不思議のダンジョン　ちょっとステキなリマスター,3520円,https://store.steampowered.com/app/4027450/,Steam Store,2026-09-16 12:29:00,3520,0
https://www.gizmodo.jp/article/instax-pal-2/,gadget_new,【ガジェット新着! (登場)】,これはトイデジ最適解の予感。チェキからレトロ可愛いデジカメ登場 ,価格は記事を参照,https://www.gizmodo.jp/article/instax-pal-2/,Gizmodo Japan,2026-09-16 12:29:00,,0
https://www.gizmodo.jp/article/2609-nvidia-rtx-60-series-release-rumor/,gadget_new,【ガジェット新着! (発売)】,値上がるRTX50に手を出すのは待った。RTX 60シリーズ、もしかして来年に発売？,価格は記事を参照,https://www.gizmodo.jp/article/2609-nvidia-rtx-60-series-release-rumor/,Gizmodo Japan,2026-09-16 12:29:00,,0
https://www.gizmodo.jp/article/2609-galaxy-tab-s12-release-date-october-7/,gadget_new,【ガジェット新着! (発売)】,リーク情報が続々。Galaxy Tab S12シリーズは10月7日発売説が有力？,価格は記事を参照,https://www.gizmodo.jp/article/2609-galaxy-tab-s12-release-date-october-7/,Gizmodo Japan,2026-09-16 12:29:00,,0
https://www.gizmodo.jp/article/moft-iphone18pro-movas-case/,gadget_new,【ガジェット新着! (発売)】,発売前にお迎えしておこう。MOFTのiPhone 18 Proケース、嘘みたいに軽い,価格は記事を参照,https://www.gizmodo.jp/article/moft-iphone18pro-movas-case/,Gizmodo Japan,2026-09-16 12:29:00,,0
https://pc.watch.impress.co.jp/docs/news/2141478.html,gadget_new,【ガジェット新着! (発売)】,パソコン工房、Core Ultra 5 225FとRTX 5060 Ti搭載PCを発売 ,"294,800円",https://pc.watch.impress.co.jp/docs/news/2141478.html,PC Watch,2026-09-16 12:29:00,,0
https://pc.watch.impress.co.jp/docs/news/2141322.html,gadget_new,【ガジェット新着! (発売)】,富士通、国産のデータセンター向けCPU/サーバーを11月に発売 ,価格は記事を参照,https://pc.watch.impress.co.jp/docs/news/2141322.html,PC Watch,2026-09-16 12:29:00,,0
https://pc.watch.impress.co.jp/docs/topic/special/2140776.html,gadget_sale,【ガジェットセール! (セール)】,RTX 5060搭載ゲーミングPCが5万円引き！マウスのTGS2026出展記念セール [Sponsored],価格は記事を参照,https://pc.watch.impress.co.jp/docs/topic/special/2140776.html,PC Watch,2026-09-16 12:29:00,,0
https://pc.watch.impress.co.jp/docs/news/todays_sales/2141273.html,gadget_sale,【ガジェットセール! (セール)】,【本日みつけたお買い得品】日立の「漆黒」5.5合炊き炊飯器が6千円引きでセール中,"47,800円",https://pc.watch.impress.co.jp/docs/news/todays_sales/2141273.html,PC Watch,2026-09-16 12:29:00,,0
https://pc.watch.impress.co.jp/docs/news/2141247.html,gadget_new,【ガジェット新着! (登場)】,"512GBのDDR5メモリが登場。しかも9,200MT/sで爆速 ",価格は記事を参照,https://pc.watch.impress.co.jp/docs/news/2141247.html,PC Watch,2026-09-16 12:29:00,,0
https://pc.watch.impress.co.jp/docs/news/2141237.html,gadget_new,【ガジェット新着! (発売)】,300B級LLMが動くミニPC「EVO-X5 Pro」、9月28日発売 ,価格は記事を参照,https://pc.watch.impress.co.jp/docs/news/2141237.html,PC Watch,2026-09-16 12:29:00,,0
4225980,game_sale,【Steamセール中! 10%OFF】,空の軌跡 the 2nd,7920円,https://store.steampowered.com/app/4225980/,Steam Store,2026-09-17 12:28:37,8800,10
1737084,game_sale,【Steamセール中! 10%OFF】,空の軌跡 the 2nd デジタルデラックス版,11385円,https://store.steampowered.com/app/1737084/,Steam Store,2026-09-17 12:28:37,12650,10
4110220,game_sale,【Steamセール中! 10%OFF】,404号室の性感マッサージ,4036円,https://store.steampowered.com/app/4110220/,Steam Store,2026-09-17 12:28:37,4485,10
2402680,game_sale,【Steamセール中! 10%OFF】,ディムレイス,2494円,https://store.steampowered.com/app/2402680/,Steam Store,2026-09-17 12:28:37,2772,10
4090260,game_sale,【Steamセール中! 10%OFF】,ライフガード・ホリック,1935円,https://store.steampowered.com/app/4090260/,Steam Store,2026-09-17 12:28:37,2150,10
3375780,game_sale,【Steamセール中! 50%OFF】,空の軌跡 the 1st,4400円,https://store.steampowered.com/app/3375780/,Steam Store,2026-09-17 12:28:37,8800,50
2530980,game_sale,【Steamセール中! 75%OFF】,テイルズ オブ グレイセス エフ リマスター,1622円,https://store.steampowered.com/app/2530980/,Steam Store,2026-09-17 12:28:37,6490,75
1086940,game_sale,【Steamセール中! 30%OFF】,Baldur's Gate 3,5949円,https://store.steampowered.com/app/1086940/,Steam Store,2026-09-17 12:28:37,8499,30
3357650,game_sale,【Steamセール中! 20%OFF】,PRAGMATA,6392円,https://store.steampowered.com/app/3357650/,Steam Store,2026-09-17 12:28:37,7990,20
5201910,game_sale,【Steamセール中! 10%OFF】,DJMAX RESPECT V - Dungeon & Fighter PACK,1782円,https://store.steampowered.com/app/5201910/,Steam Store,2026-09-17 12:28:37,1980,10
1867240,game_top_seller,【Steam売上上位！】,WARDOGS,4980円,https://store.steampowered.com/app/1867240/,Steam Store,2026-09-17 12:28:37,4980,0
4163960,game_top_seller,【Steam売上上位！】,アナザーエデン ビギンズ,4980円,https://store.steampowered.com/app/4163960/,Steam Store,2026-09-17 12:28:37,4980,0
2638890,game_top_seller,【Steam売上上位！】,鬼武者 Way of the Sword,8990円,https://store.steampowered.com/app/2638890/,Steam Store,2026-09-17 12:28:37,8990,0
2288340,game_top_seller,【Steam売上上位！】,ACE COMBAT 8: WINGS OF THEVE,9790円,https://store.steampowered.com/app/2288340/,Steam Store,2026-09-17 12:28:37,9790,0
4027450,game_top_seller,【Steam売上上位！】,トルネコの大冒険 不思議のダンジョン　ちょっとステキなリマスター,3520円,https://store.steampowered.com/app/4027450/,Steam Store,2026-09-17 12:28:37,3520,0
https://pc.watch.impress.co.jp/docs/news/2141777.html,gadget_new,【ガジェット新着! (登場)】,話しながら裏でタスク完了？音声AI「Gemini 3.8 Live」登場 ,価格は記事を参照,https://pc.watch.impress.co.jp/docs/news/2141777.html,PC Watch,2026-09-17 12:28:37,,0
https://pc.watch.impress.co.jp/docs/news/2141688.html,gadget_new,【ガジェット新着! (登場)】,120万円のROG 20周年記念ミニPC登場！RTX 5090 Laptop搭載 ,"1,200,000円",https://pc.watch.impress.co.jp/docs/news/2141688.html,PC Watch,2026-09-17 12:28:37,,0
https://pc.watch.impress.co.jp/docs/news/2141626.html,gadget_new,【ガジェット新着! (発売)】,JAPANNEXT、65型4Kや49型DWQHD湾曲などモニター4製品を発売 ,価格は記事を参照,https://pc.watch.impress.co.jp/docs/news/2141626.html,PC Watch,2026-09-17 12:28:37,,0
https://pc.watch.impress.co.jp/docs/news/2141511.html,gadget_new,【ガジェット新着! (発売)】,ROG 20周年の「ROG XBOX Ally X20」いよいよ国内発売。ユーザーの声で操作系刷新 ,"258,800円",https://pc.watch.impress.co.jp/docs/news/2141511.html,PC Watch,2026-09-17 12:28:37,,0
https://pc.watch.impress.co.jp/docs/topic/special/2140816.html,gadget_sale,【ガジェットセール! (割引)】,ThinkPadがメモリ16GBから無料で24GBに増量中！5割引き製品にも適用 [Sponsored],価格は記事を参照,https://pc.watch.impress.co.jp/docs/topic/special/2140816.html,PC Watch,2026-09-17 12:28:37,,0
https://pc.watch.impress.co.jp/docs/topic/special/2138634.html,gadget_new,【ガジェット新着! (レビュー)】,急なカクつきとは無縁！配信修行僧も一目置くゲーミングノート ～レノボ「Lenovo Legion 5a Gen 11」レビュー[Sponsored],価格は記事を参照,https://pc.watch.impress.co.jp/docs/topic/special/2138634.html,PC Watch,2026-09-17 12:28:37,,0
https://pc.watch.impress.co.jp/docs/topic/review/2138219.html,gadget_new,【ガジェット新着! (レビュー)】,【レビュー】GB10搭載のデル小型AI機を社内のAI専任ではない技術スタッフが1カ月試用、向いたのは「放置して任せる」仕事 ,価格は記事を参照,https://pc.watch.impress.co.jp/docs/topic/review/2138219.html,PC Watch,2026-09-17 12:28:37,,0
4225980,game_sale,【Steamセール中! 10%OFF】,空の軌跡 the 2nd,7920円,https://store.steampowered.com/app/4225980/,Steam Store,2026-09-18 12:07:06,8800,10
1737084,game_sale,【Steamセール中! 10%OFF】,空の軌跡 the 2nd デジタルデラックス版,11385円,https://store.steampowered.com/app/1737084/,Steam Store,2026-09-18 12:07:06,12650,10
3407390,game_sale,【Steamセール中! 50%OFF】,ENDLESS Legend™ 2 エンドレス・レジェンド 2,2490円,https://store.steampowered.com/app/3407390/,Steam Store,2026-09-18 12:07:06,4980,50
3375780,game_sale,【Steamセール中! 50%OFF】,空の軌跡 the 1st,4400円,https://store.steampowered.com/app/3375780/,Steam Store,2026-09-18 12:07:06,8800,50
2402680,game_sale,【Steamセール中! 10%OFF】,ディムレイス,2494円,https://store.steampowered.com/app/2402680/,Steam Store,2026-09-18 12:07:06,2772,10
4110220,game_sale,【Steamセール中! 10%OFF】,404号室の性感マッサージ,4036円,https://store.steampowered.com/app/4110220/,Steam Store,2026-09-18 12:07:06,4485,10
4090260,game_sale,【Steamセール中! 10%OFF】,ライフガード・ホリック,1935円,https://store.steampowered.com/app/4090260/,Steam Store,2026-09-18 12:07:06,2150,10
1086940,game_sale,【Steamセール中! 30%OFF】,Baldur's Gate 3,5949円,https://store.steampowered.com/app/1086940/,Steam Store,2026-09-18 12:07:06,8499,30
2459550,game_sale,【Steamセール中! 15%OFF】,Emberward,1955円,https://store.steampowered.com/app/2459550/,Steam Store,2026-09-18 12:07:06,2300,15
3357650,game_sale,【Steamセール中! 20%OFF】,PRAGMATA,6392円,https://store.steampowered.com/app/3357650/,Steam Store,2026-09-18 12:07:06,7990,20
1867240,game_top_seller,【Steam売上上位！】,WARDOGS,4980円,https://store.steampowered.com/app/1867240/,Steam Store,2026-09-18 12:07:06,4980,0
4080220,game_top_seller,【Steam売上上位！】,EA SPORTS FC™ 27,9800円,https://store.steampowered.com/app/4080220/,Steam Store,2026-09-18 12:07:06,9800,0
2638890,game_top_seller,【Steam売上上位！】,鬼武者 Way of the Sword,8990円,https://store.steampowered.com/app/2638890/,Steam Store,2026-09-18 12:07:06,8990,0
2288340,game_top_seller,【Steam売上上位！】,ACE COMBAT 8: WINGS OF THEVE,9790円,https://store.steampowered.com/app/2288340/,Steam Store,2026-09-18 12:07:06,9790,0
2178480,game_top_seller,【Steam売上上位！】,不思議のダンジョン　風来のシレン６　とぐろ島探検録,2990円,https://store.steampowered.com/app/2178480/,Steam Store,2026-09-18 12:07:06,5980,50
4027450,game_top_seller,【Steam売上上位！】,トルネコの大冒険 不思議のダンジョン　ちょっとステキなリマスター,3520円,https://store.steampowered.com/app/4027450/,Steam Store,2026-09-18 12:07:06,3520,0
https://www.gizmodo.jp/article/iphone-daiso-goods/,gadget_new,【ガジェット新着! (発売)】,iPhone 18 Pro発売日だから、ダイソーのスマホ関連製品いっぱい買ってきた,価格は記事を参照,https://www.gizmodo.jp/article/iphone-daiso-goods/,Gizmodo Japan,2026-09-18 12:07:06,,0
https://www.gizmodo.jp/article/7fa81580-456b-4241-b4b0-df696ba0cc95/,gadget_new,【ガジェット新着! (発売)】,本日発売のAirPods 5。買いはワイヤレス充電ケースの方。バッテリーを重視,価格は記事を参照,https://www.gizmodo.jp/article/7fa81580-456b-4241-b4b0-df696ba0cc95/,Gizmodo Japan,2026-09-18 12:07:06,,0
4225980,game_sale,【Steamセール中! 10%OFF】,空の軌跡 the 2nd,7920円,https://store.steampowered.com/app/4225980/,Steam Store,2026-09-19 11:50:12,8800,10
2909400,game_sale,【Steamセール中! 70%OFF】,FINAL FANTASY VII REBIRTH,1973円,https://store.steampowered.com/app/2909400/,Steam Store,2026-09-19 11:50:12,6578,70
2455640,game_sale,【Steamセール中! 60%OFF】,ロマンシング サガ2 リベンジオブザセブン,2728円,https://store.steampowered.com/app/2455640/,Steam Store,2026-09-19 11:50:12,6820,60
3375780,game_sale,【Steamセール中! 50%OFF】,空の軌跡 the 1st,4400円,https://store.steampowered.com/app/3375780/,Steam Store,2026-09-19 11:50:12,8800,50
1462040,game_sale,【Steamセール中! 75%OFF】,FINAL FANTASY VII REMAKE INTERGRADE,1369円,https://store.steampowered.com/app/1462040/,Steam Store,2026-09-19 11:50:12,5478,75
2402680,game_sale,【Steamセール中! 10%OFF】,ディムレイス,2494円,https://store.steampowered.com/app/2402680/,Steam Store,2026-09-19 11:50:12,2772,10
1737084,game_sale,【Steamセール中! 10%OFF】,空の軌跡 the 2nd デジタルデラックス版,11385円,https://store.steampowered.com/app/1737084/,Steam Store,2026-09-19 11:50:12,12650,10
3357650,game_sale,【Steamセール中! 20%OFF】,PRAGMATA,6392円,https://store.steampowered.com/app/3357650/,Steam Store,2026-09-19 11:50:12,7990,20
1086940,game_sale,【Steamセール中! 30%OFF】,Baldur's Gate 3,5949円,https://store.steampowered.com/app/1086940/,Steam Store,2026-09-19 11:50:12,8499,30
2175540,game_sale,【Steamセール中! 80%OFF】,ドラゴンクエストモンスターズ３　魔族の王子とエルフの旅,996円,https://store.steampowered.com/app/2175540/,Steam Store,2026-09-19 11:50:12,4980,80
1867240,game_top_seller,【Steam売上上位！】,WARDOGS,4980円,https://store.steampowered.com/app/1867240/,Steam Store,2026-09-19 11:50:12,4980,0
2638890,game_top_seller,【Steam売上上位！】,鬼武者 Way of the Sword,8990円,https://store.steampowered.com/app/2638890/,Steam Store,2026-09-19 11:50:12,8990,0
2288340,game_top_seller,【Steam売上上位！】,ACE COMBAT 8: WINGS OF THEVE,9790円,https://store.steampowered.com/app/2288340/,Steam Store,2026-09-19 11:50:12,9790,0
4027450,game_top_seller,【Steam売上上位！】,トルネコの大冒険 不思議のダンジョン　ちょっとステキなリマスター,3520円,https://store.steampowered.com/app/4027450/,Steam Store,2026-09-19 11:50:12,3520,0
4080220,game_top_seller,【Steam売上上位！】,EA SPORTS FC™ 27,9800円,https://store.steampowered.com/app/4080220/,Steam Store,2026-09-19 11:50:12,9800,0
2246340,game_top_seller,【Steam売上上位！】,モンスターハンターワイルズ,3742円,https://store.steampowered.com/app/2246340/,Steam Store,2026-09-19 11:50:12,4990,25
https://www.gizmodo.jp/article/bose-open-earbuds-2026/,gadget_new,【ガジェット新着! (登場)】,Boseからクリップ型の新イヤホン。2年ぶりにアップデした新フラッグシップとフィットネス向けモデルが登場,価格は記事を参照,https://www.gizmodo.jp/article/bose-open-earbuds-2026/,Gizmodo Japan,2026-09-19 11:50:12,,0
4225980,game_sale,【Steamセール中! 10%OFF】,空の軌跡 the 2nd,7920円,https://store.steampowered.com/app/4225980/,Steam Store,2026-09-20 12:05:35,8800,10
2455640,game_sale,【Steamセール中! 60%OFF】,ロマンシング サガ2 リベンジオブザセブン,2728円,https://store.steampowered.com/app/2455640/,Steam Store,2026-09-20 12:05:35,6820,60
2909400,game_sale,【Steamセール中! 70%OFF】,FINAL FANTASY VII REBIRTH,1973円,https://store.steampowered.com/app/2909400/,Steam Store,2026-09-20 12:05:35,6578,70
3375780,game_sale,【Steamセール中! 50%OFF】,空の軌跡 the 1st,4400円,https://store.steampowered.com/app/3375780/,Steam Store,2026-09-20 12:05:35,8800,50
3357650,game_sale,【Steamセール中! 20%OFF】,PRAGMATA,6392円,https://store.steampowered.com/app/3357650/,Steam Store,2026-09-20 12:05:35,7990,20
1462040,game_sale,【Steamセール中! 75%OFF】,FINAL FANTASY VII REMAKE INTERGRADE,1369円,https://store.steampowered.com/app/1462040/,Steam Store,2026-09-20 12:05:35,5478,75
2444750,game_sale,【Steamセール中! 30%OFF】,Shape of Dreams,1960円,https://store.steampowered.com/app/2444750/,Steam Store,2026-09-20 12:05:35,2800,30
2402680,game_sale,【Steamセール中! 10%OFF】,ディムレイス,2494円,https://store.steampowered.com/app/2402680/,Steam Store,2026-09-20 12:05:35,2772,10
2369390,game_sale,【Steamセール中! 90%OFF】,Far Cry® 6,924円,https://store.steampowered.com/app/2369390/,Steam Store,2026-09-20 12:05:35,9240,90
3240220,game_sale,【Steamセール中! 50%OFF】,グランド・セフト・オートV エンハンスト,2190円,https://store.steampowered.com/app/3240220/,Steam Store,2026-09-20 12:05:35,4380,50
1867240,game_top_seller,【Steam売上上位！】,WARDOGS,4980円,https://store.steampowered.com/app/1867240/,Steam Store,2026-09-20 12:05:35,4980,0
2638890,game_top_seller,【Steam売上上位！】,鬼武者 Way of the Sword,8990円,https://store.steampowered.com/app/2638890/,Steam Store,2026-09-20 12:05:35,8990,0
2288340,game_top_seller,【Steam売上上位！】,ACE COMBAT 8: WINGS OF THEVE,9790円,https://store.steampowered.com/app/2288340/,Steam Store,2026-09-20 12:05:35,9790,0
4027450,game_top_seller,【Steam売上上位！】,トルネコの大冒険 不思議のダンジョン　ちょっとステキなリマスター,3520円,https://store.steampowered.com/app/4027450/,Steam Store,2026-09-20 12:05:35,3520,0
2246340,game_top_seller,【Steam売上上位！】,モンスターハンターワイルズ,3742円,https://store.steampowered.com/app/2246340/,Steam Store,2026-09-20 12:05:35,4990,25
https://www.gizmodo.jp/article/lg-gram-pro-16-inch-2026-review-an-expensive-disappointment/,gadget_new,【ガジェット新着! (レビュー)】,薄くて軽いがコスパはイマイチ…？ 2026年版「LG gram 16」レビュー,価格は記事を参照,https://www.gizmodo.jp/article/lg-gram-pro-16-inch-2026-review-an-expensive-disappointment/,Gizmodo Japan,2026-09-20 12:05:35,,0
https://www.gizmodo.jp/article/dyson-new-release/,gadget_new,【ガジェット新着! (登場)】,ダイソン新製品が続々登場。空気も床もピカピカアップデート,価格は記事を参照,https://www.gizmodo.jp/article/dyson-new-release/,Gizmodo Japan,2026-09-20 12:05:35,,0
3375780,game_sale,【Steamセール中! 50%OFF】,空の軌跡 the 1st,4400円,https://store.steampowered.com/app/3375780/,Steam Store,2026-09-21 13:43:49,8800,50
4225980,game_sale,【Steamセール中! 10%OFF】,空の軌跡 the 2nd,7920円,https://store.steampowered.com/app/4225980/,Steam Store,2026-09-21 13:43:49,8800,10
4364730,game_sale,【Steamセール中! 10%OFF】,IGTAP: どこ見ても足,899円,https://store.steampowered.com/app/4364730/,Steam Store,2026-09-21 13:43:49,999,10
2455640,game_sale,【Steamセール中! 60%OFF】,ロマンシング サガ2 リベンジオブザセブン,2728円,https://store.steampowered.com/app/2455640/,Steam Store,2026-09-21 13:43:49,6820,60
2909400,game_sale,【Steamセール中! 70%OFF】,FINAL FANTASY VII REBIRTH,1973円,https://store.steampowered.com/app/2909400/,Steam Store,2026-09-21 13:43:49,6578,70
3357650,game_sale,【Steamセール中! 20%OFF】,PRAGMATA,6392円,https://store.steampowered.com/app/3357650/,Steam Store,2026-09-21 13:43:49,7990,20
1086940,game_sale,【Steamセール中! 30%OFF】,Baldur's Gate 3,5949円,https://store.steampowered.com/app/1086940/,Steam Store,2026-09-21 13:43:49,8499,30
1462040,game_sale,【Steamセール中! 75%OFF】,FINAL FANTASY VII REMAKE INTERGRADE,1369円,https://store.steampowered.com/app/1462040/,Steam Store,2026-09-21 13:43:49,5478,75
4108000,game_sale,【Steamセール中! 20%OFF】,Machine Party,760円,https://store.steampowered.com/app/4108000/,Steam Store,2026-09-21 13:43:49,950,20
3240220,game_sale,【Steamセール中! 50%OFF】,グランド・セフト・オートV エンハンスト,2190円,https://store.steampowered.com/app/3240220/,Steam Store,2026-09-21 13:43:49,4380,50
1867240,game_top_seller,【Steam売上上位！】,WARDOGS,4980円,https://store.steampowered.com/app/1867240/,Steam Store,2026-09-21 13:43:49,4980,0
2638890,game_top_seller,【Steam売上上位！】,鬼武者 Way of the Sword,8990円,https://store.steampowered.com/app/2638890/,Steam Store,2026-09-21 13:43:49,8990,0
2288340,game_top_seller,【Steam売上上位！】,ACE COMBAT 8: WINGS OF THEVE,9790円,https://store.steampowered.com/app/2288340/,Steam Store,2026-09-21 13:43:49,9790,0
2246340,game_top_seller,【Steam売上上位！】,モンスターハンターワイルズ,3742円,https://store.steampowered.com/app/2246340/,Steam Store,2026-09-21 13:43:49,4990,25
4027450,game_top_seller,【Steam売上上位！】,トルネコの大冒険 不思議のダンジョン　ちょっとステキなリマスター,3520円,https://store.steampowered.com/app/4027450/,Steam Store,2026-09-21 13:43:49,3520,0
1636440,game_top_seller,【Steam売上上位！】,SILENT HILL: Townfall,7480円,https://store.steampowered.com/app/1636440/,Steam Store,2026-09-21 13:43:49,7480,0
https://www.gizmodo.jp/article/2609-audio-technica-ath-al5nc/,gadget_new,【ガジェット新着! (登場)】,やぁ5年ぶり！貴重な開放型ワイヤレスヘッドホンの進化系がオーテクから登場,"39,800円",https://www.gizmodo.jp/article/2609-audio-technica-ath-al5nc/,Gizmodo Japan,2026-09-21 13:43:49,,0
4019220,game_sale,【Steamセール中! 10%OFF】,Dressmaker,1730円,https://store.steampowered.com/app/4019220/,Steam Store,2026-09-22 12:26:52,1923,10
3255500,game_sale,【Steamセール中! 15%OFF】,Ved：リキュア,1912円,https://store.steampowered.com/app/3255500/,Steam Store,2026-09-22 12:26:52,2250,15
4225980,game_sale,【Steamセール中! 10%OFF】,空の軌跡 the 2nd,7920円,https://store.steampowered.com/app/4225980/,Steam Store,2026-09-22 12:26:52,8800,10
2455640,game_sale,【Steamセール中! 60%OFF】,ロマンシング サガ2 リベンジオブザセブン,2728円,https://store.steampowered.com/app/2455640/,Steam Store,2026-09-22 12:26:52,6820,60
2909400,game_sale,【Steamセール中! 70%OFF】,FINAL FANTASY VII REBIRTH,1973円,https://store.steampowered.com/app/2909400/,Steam Store,2026-09-22 12:26:52,6578,70
1462040,game_sale,【Steamセール中! 75%OFF】,FINAL FANTASY VII REMAKE INTERGRADE,1369円,https://store.steampowered.com/app/1462040/,Steam Store,2026-09-22 12:26:52,5478,75
4364730,game_sale,【Steamセール中! 10%OFF】,IGTAP: どこ見ても足,899円,https://store.steampowered.com/app/4364730/,Steam Store,2026-09-22 12:26:52,999,10
2552430,game_sale,【Steamセール中! 70%OFF】,KINGDOM HEARTS -HD 1.5+2.5 ReMIX-,2244円,https://store.steampowered.com/app/2552430/,Steam Store,2026-09-22 12:26:52,7480,70
4108000,game_sale,【Steamセール中! 20%OFF】,Machine Party,760円,https://store.steampowered.com/app/4108000/,Steam Store,2026-09-22 12:26:52,950,20
2175540,game_sale,【Steamセール中! 80%OFF】,ドラゴンクエストモンスターズ３　魔族の王子とエルフの旅,996円,https://store.steampowered.com/app/2175540/,Steam Store,2026-09-22 12:26:52,4980,80
1867240,game_top_seller,【Steam売上上位！】,WARDOGS,4980円,https://store.steampowered.com/app/1867240/,Steam Store,2026-09-22 12:26:52,4980,0
2288340,game_top_seller,【Steam売上上位！】,ACE COMBAT 8: WINGS OF THEVE,9790円,https://store.steampowered.com/app/2288340/,Steam Store,2026-09-22 12:26:52,9790,0
1636440,game_top_seller,【Steam売上上位！】,SILENT HILL: Townfall,7480円,https://store.steampowered.com/app/1636440/,Steam Store,2026-09-22 12:26:52,7480,0
2638890,game_top_seller,【Steam売上上位！】,鬼武者 Way of the Sword,8990円,https://store.steampowered.com/app/2638890/,Steam Store,2026-09-22 12:26:52,8990,0
4027450,game_top_seller,【Steam売上上位！】,トルネコの大冒険 不思議のダンジョン　ちょっとステキなリマスター,3520円,https://store.steampowered.com/app/4027450/,Steam Store,2026-09-22 12:26:52,3520,0
https://www.gizmodo.jp/article/heres-everything-you-need-to-know-about-the-first-googlebooks/,gadget_new,【ガジェット新着! (発売)】,待望のGooglebook、全5モデルのスペック＆価格まとめ。日本発売はまだなのかい？,価格は記事を参照,https://www.gizmodo.jp/article/heres-everything-you-need-to-know-about-the-first-googlebooks/,Gizmodo Japan,2026-09-22 12:26:52,,0
https://www.gizmodo.jp/article/unique_smartphones-ruu/,gadget_new,【ガジェット新着! (登場)】,普通のスマホに飽きた人へ。この春登場した、「クセ強スマホ」たち,価格は記事を参照,https://www.gizmodo.jp/article/unique_smartphones-ruu/,Gizmodo Japan,2026-09-22 12:26:52,,0
4019220,game_sale,【Steamセール中! 10%OFF】,Dressmaker,1730円,https://store.steampowered.com/app/4019220/,Steam Store,2026-09-23 12:37:39,1923,10
4225980,game_sale,【Steamセール中! 10%OFF】,空の軌跡 the 2nd,7920円,https://store.steampowered.com/app/4225980/,Steam Store,2026-09-23 12:37:39,8800,10
3020510,game_sale,【Steamセール中! 10%OFF】,Heroes' Vow: Three Kingdoms,2070円,https://store.steampowered.com/app/3020510/,Steam Store,2026-09-23 12:37:39,2300,10
2455640,game_sale,【Steamセール中! 60%OFF】,ロマンシング サガ2 リベンジオブザセブン,2728円,https://store.steampowered.com/app/2455640/,Steam Store,2026-09-23 12:37:39,6820,60
3255500,game_sale,【Steamセール中! 15%OFF】,Ved：リキュア,1912円,https://store.steampowered.com/app/3255500/,Steam Store,2026-09-23 12:37:39,2250,15
2909400,game_sale,【Steamセール中! 70%OFF】,FINAL FANTASY VII REBIRTH,1973円,https://store.steampowered.com/app/2909400/,Steam Store,2026-09-23 12:37:39,6578,70
1737084,game_sale,【Steamセール中! 10%OFF】,空の軌跡 the 2nd デジタルデラックス版,11385円,https://store.steampowered.com/app/1737084/,Steam Store,2026-09-23 12:37:39,12650,10
620980,game_sale,【Steamセール中! 25%OFF】,Beat Saber,2325円,https://store.steampowered.com/app/620980/,Steam Store,2026-09-23 12:37:39,3100,25
3208930,game_sale,【Steamセール中! 15%OFF】,ガルバテイン：冒険者ギルド事務所,1445円,https://store.steampowered.com/app/3208930/,Steam Store,2026-09-23 12:37:39,1700,15
1462040,game_sale,【Steamセール中! 75%OFF】,FINAL FANTASY VII REMAKE INTERGRADE,1369円,https://store.steampowered.com/app/1462040/,Steam Store,2026-09-23 12:37:39,5478,75
1867240,game_top_seller,【Steam売上上位！】,WARDOGS,4980円,https://store.steampowered.com/app/1867240/,Steam Store,2026-09-23 12:37:39,4980,0
2288340,game_top_seller,【Steam売上上位！】,ACE COMBAT 8: WINGS OF THEVE,9790円,https://store.steampowered.com/app/2288340/,Steam Store,2026-09-23 12:37:39,9790,0
4358690,game_top_seller,【Steam売上上位！】,Graveyard Keeper 2,2800円,https://store.steampowered.com/app/4358690/,Steam Store,2026-09-23 12:37:39,2800,0
88711,game_top_seller,【Steam売上上位！】,The Grave Deal,2608円,https://store.steampowered.com/app/88711/,Steam Store,2026-09-23 12:37:39,5100,36
2638890,game_top_seller,【Steam売上上位！】,鬼武者 Way of the Sword,8990円,https://store.steampowered.com/app/2638890/,Steam Store,2026-09-23 12:37:39,8990,0
1636440,game_top_seller,【Steam売上上位！】,SILENT HILL: Townfall,7480円,https://store.steampowered.com/app/1636440/,Steam Store,2026-09-23 12:37:39,7480,0
https://www.gizmodo.jp/article/2609-m6-mac-mini-review/,gadget_new,【ガジェット新着! (レビュー)】,まさかの「Appleが神コスパ」になっちゃった：新型M6 Mac miniレビュー,価格は記事を参照,https://www.gizmodo.jp/article/2609-m6-mac-mini-review/,Gizmodo Japan,2026-09-23 12:37:39,,0
https://www.gizmodo.jp/article/future-of-ai-plans-daa/,gadget_new,【ガジェット新着! (登場)】,AIエージェントの登場によって、定額使い放題の時代が終わりそう,価格は記事を参照,https://www.gizmodo.jp/article/future-of-ai-plans-daa/,Gizmodo Japan,2026-09-23 12:37:39,,0
https://pc.watch.impress.co.jp/docs/news/2142640.html,gadget_new,【ガジェット新着! (登場)】,「GPT-6 Sol」「GPT-6 Luna」登場、API料金半額でリセット権も配布 ,価格は記事を参照,https://pc.watch.impress.co.jp/docs/news/2142640.html,PC Watch,2026-09-23 12:37:39,,0
https://pc.watch.impress.co.jp/docs/news/2142634.html,gadget_new,【ガジェット新着! (登場)】,「Claude Opus 5.5」登場、Fable 5.1並みで運用コスト40%減。リセット権も配布 ,価格は記事を参照,https://pc.watch.impress.co.jp/docs/news/2142634.html,PC Watch,2026-09-23 12:37:39,,0
4019220,game_sale,【Steamセール中! 10%OFF】,Dressmaker,1730円,https://store.steampowered.com/app/4019220/,Steam Store,2026-09-24 12:36:09,1923,10
3101040,game_sale,【Steamセール中! 20%OFF】,魔法少女ノ魔女裁判,2800円,https://store.steampowered.com/app/3101040/,Steam Store,2026-09-24 12:36:09,3500,20
3020510,game_sale,【Steamセール中! 10%OFF】,Heroes' Vow: Three Kingdoms,2070円,https://store.steampowered.com/app/3020510/,Steam Store,2026-09-24 12:36:09,2300,10
2909400,game_sale,【Steamセール中! 70%OFF】,FINAL FANTASY VII REBIRTH,1973円,https://store.steampowered.com/app/2909400/,Steam Store,2026-09-24 12:36:09,6578,70
2455640,game_sale,【Steamセール中! 60%OFF】,ロマンシング サガ2 リベンジオブザセブン,2728円,https://store.steampowered.com/app/2455640/,Steam Store,2026-09-24 12:36:09,6820,60
1462040,game_sale,【Steamセール中! 75%OFF】,FINAL FANTASY VII REMAKE INTERGRADE,1369円,https://store.steampowered.com/app/1462040/,Steam Store,2026-09-24 12:36:09,5478,75
4108000,game_sale,【Steamセール中! 20%OFF】,Machine Party,760円,https://store.steampowered.com/app/4108000/,Steam Store,2026-09-24 12:36:09,950,20
2444750,game_sale,【Steamセール中! 30%OFF】,Shape of Dreams,1960円,https://store.steampowered.com/app/2444750/,Steam Store,2026-09-24 12:36:09,2800,30
252490,game_sale,【Steamセール中! 50%OFF】,Rust,2300円,https://store.steampowered.com/app/252490/,Steam Store,2026-09-24 12:36:09,4600,50
3255500,game_sale,【Steamセール中! 15%OFF】,Ved：リキュア,1912円,https://store.steampowered.com/app/3255500/,Steam Store,2026-09-24 12:36:09,2250,15
1636440,game_top_seller,【Steam売上上位！】,SILENT HILL: Townfall,7480円,https://store.steampowered.com/app/1636440/,Steam Store,2026-09-24 12:36:09,7480,0
1867240,game_top_seller,【Steam売上上位！】,WARDOGS,4980円,https://store.steampowered.com/app/1867240/,Steam Store,2026-09-24 12:36:09,4980,0
2288340,game_top_seller,【Steam売上上位！】,ACE COMBAT 8: WINGS OF THEVE,9790円,https://store.steampowered.com/app/2288340/,Steam Store,2026-09-24 12:36:09,9790,0
1675064,game_top_seller,【Steam売上上位！】,AION 2デラックス ファウンダーズ パック,7850円,https://store.steampowered.com/app/1675064/,Steam Store,2026-09-24 12:36:09,7850,0
1675065,game_top_seller,【Steam売上上位！】,AION 2アルティメット ファウンダーズ パック,15500円,https://store.steampowered.com/app/1675065/,Steam Store,2026-09-24 12:36:09,15500,0
1675062,game_top_seller,【Steam売上上位！】,AION 2スタンダード ファウンダーズ パック,3900円,https://store.steampowered.com/app/1675062/,Steam Store,2026-09-24 12:36:09,3900,0
4080220,game_top_seller,【Steam売上上位！】,EA SPORTS FC™ 27,9800円,https://store.steampowered.com/app/4080220/,Steam Store,2026-09-24 12:36:09,9800,0
https://www.gizmodo.jp/article/2609-ray-ban-meta-audio/,gadget_new,【ガジェット新着! (登場)】,カメラをなくして、もっと軽く。新しく登場した「Ray-Ban Meta Audio」は音で使うAIグラス,価格は記事を参照,https://www.gizmodo.jp/article/2609-ray-ban-meta-audio/,Gizmodo Japan,2026-09-24 12:36:09,,0
https://pc.watch.impress.co.jp/docs/news/2143022.html,gadget_new,【ガジェット新着! (発売)】,Ryzen AI Max+搭載でロマンいっぱいのUMPC「GPD WIN Max 3」、12月国内発売 ,"308,000円",https://pc.watch.impress.co.jp/docs/news/2143022.html,PC Watch,2026-09-24 12:36:09,,0
https://pc.watch.impress.co.jp/docs/news/todays_sales/2142714.html,gadget_sale,【ガジェットセール! (セール)】,【本日みつけたお買い得品】M6搭載の新型Mac miniがセールに！公式より安く買えるぞ,"142,300円",https://pc.watch.impress.co.jp/docs/news/todays_sales/2142714.html,PC Watch,2026-09-24 12:36:09,,0
https://pc.watch.impress.co.jp/docs/topic/special/2141205.html,gadget_new,【ガジェット新着! (登場)】,マウスコンピューター「DAIV」から登場した128GBメモリ搭載ローカルLLM向けPC。大規模モデルの実力に迫る ～ローカルLLMの動作性能から文書解析まで、実力を実機で検証した[Sponsored],価格は記事を参照,https://pc.watch.impress.co.jp/docs/topic/special/2141205.html,PC Watch,2026-09-24 12:36:09,,0
https://pc.watch.impress.co.jp/docs/news/2142640.html,gadget_new,【ガジェット新着! (登場)】,「GPT-6 Sol」「GPT-6 Luna」登場、API料金半額でリセット権も配布 ,価格は記事を参照,https://pc.watch.impress.co.jp/docs/news/2142640.html,PC Watch,2026-09-24 12:36:09,,0
https://pc.watch.impress.co.jp/docs/news/2142634.html,gadget_new,【ガジェット新着! (登場)】,「Claude Opus 5.5」登場、Fable 5.1並みで運用コスト40%減。リセット権も配布 ,価格は記事を参照,https://pc.watch.impress.co.jp/docs/news/2142634.html,PC Watch,2026-09-24 12:36:09,,0
2161700,game_sale,【Steamセール中! 70%OFF】,ペルソナ３ リロード,2303円,https://store.steampowered.com/app/2161700/,Steam Store,2026-09-25 12:37:41,7678,70
160150,game_sale,【Steamセール中! 50%OFF】,DARK SOULS III - The Fire Fades Edition,2970円,https://store.steampowered.com/app/160150/,Steam Store,2026-09-25 12:37:41,5940,50
1687950,game_sale,【Steamセール中! 70%OFF】,ペルソナ５ ザ・ロイヤル,2303円,https://store.steampowered.com/app/1687950/,Steam Store,2026-09-25 12:37:41,7678,70
570940,game_sale,【Steamセール中! 50%OFF】,DARK SOULS™: REMASTERED,2365円,https://store.steampowered.com/app/570940/,Steam Store,2026-09-25 12:37:41,4730,50
4019220,game_sale,【Steamセール中! 10%OFF】,Dressmaker,1730円,https://store.steampowered.com/app/4019220/,Steam Store,2026-09-25 12:37:41,1923,10
335300,game_sale,【Steamセール中! 50%OFF】,DARK SOULS™ II: Scholar of the First Sin,2860円,https://store.steampowered.com/app/335300/,Steam Store,2026-09-25 12:37:41,5720,50
2679460,game_sale,【Steamセール中! 60%OFF】,メタファー：リファンタジオ,3951円,https://store.steampowered.com/app/2679460/,Steam Store,2026-09-25 12:37:41,9878,60
3020510,game_sale,【Steamセール中! 10%OFF】,Heroes' Vow: Three Kingdoms,2070円,https://store.steampowered.com/app/3020510/,Steam Store,2026-09-25 12:37:41,2300,10
3101040,game_sale,【Steamセール中! 20%OFF】,魔法少女ノ魔女裁判,2800円,https://store.steampowered.com/app/3101040/,Steam Store,2026-09-25 12:37:41,3500,20
2909400,game_sale,【Steamセール中! 70%OFF】,FINAL FANTASY VII REBIRTH,1973円,https://store.steampowered.com/app/2909400/,Steam Store,2026-09-25 12:37:41,6578,70
2288340,game_top_seller,【Steam売上上位！】,ACE COMBAT 8: WINGS OF THEVE,9790円,https://store.steampowered.com/app/2288340/,Steam Store,2026-09-25 12:37:41,9790,0
4080220,game_top_seller,【Steam売上上位！】,EA SPORTS FC™ 27,9800円,https://store.steampowered.com/app/4080220/,Steam Store,2026-09-25 12:37:41,9800,0
1867240,game_top_seller,【Steam売上上位！】,WARDOGS,4980円,https://store.steampowered.com/app/1867240/,Steam Store,2026-09-25 12:37:41,4980,0
43918,game_top_seller,【Steam売上上位！】,『ペルソナ３ リロード』＆『ペルソナ５ ザ・ロイヤル』バンドル,4146円,https://store.steampowered.com/app/43918/,Steam Store,2026-09-25 12:37:41,15356,70
1636440,game_top_seller,【Steam売上上位！】,SILENT HILL: Townfall,7480円,https://store.steampowered.com/app/1636440/,Steam Store,2026-09-25 12:37:41,7480,0
2638890,game_top_seller,【Steam売上上位！】,鬼武者 Way of the Sword,8990円,https://store.steampowered.com/app/2638890/,Steam Store,2026-09-25 12:37:41,8990,0
1675062,game_top_seller,【Steam売上上位！】,AION 2スタンダード ファウンダーズ パック,3900円,https://store.steampowered.com/app/1675062/,Steam Store,2026-09-25 12:37:41,3900,0
1675064,game_top_seller,【Steam売上上位！】,AION 2デラックス ファウンダーズ パック,7850円,https://store.steampowered.com/app/1675064/,Steam Store,2026-09-25 12:37:41,7850,0
